기준_년월_코드,상권_구분_코드,상권_구분_코드_명,상권_코드,엑스좌표_값,와이좌표_값,시군구_코드
202112,A,골목상권,2110753,191934,438813,11545
202112,A,골목상권,2110427,206265,459431,11350
202112,A,골목상권,2110755,192300,439070,11545
202112,A,골목상권,2110739,191289,438014,11545
202112,A,골목상권,2111017,210222,445516,11710
202112,A,골목상권,2110249,207203,456106,11260
202112,A,골목상권,2110963,203260,443659,11680
202112,A,골목상권,2110332,205155,457004,11290
202112,A,골목상권,2110245,206928,455306,11260
202112,A,골목상권,2110719,190510,443238,11530
202112,A,골목상권,2110932,202065,442758,11650
202112,A,골목상권,2110933,202091,443006,11650
202112,A,골목상권,2110868,193242,442825,11620
202112,A,골목상권,2110395,203210,462708,11320
202112,A,골목상권,2110393,202918,462499,11320
202112,A,골목상권,2110114,202802,451995,11200
202112,A,골목상권,2110760,190474,448534,11560
202112,A,골목상권,2111068,211971,448499,11740
202112,A,골목상권,2110619,188177,448004,11470
202112,A,골목상권,2110093,200013,448122,11170
202112,A,골목상권,2110734,191061,439380,11545
202112,A,골목상권,2111030,211453,445218,11710
202112,A,골목상권,2110573,194606,450433,11440
202112,A,골목상권,2110053,201114,451386,11140
202112,A,골목상권,2110972,203786,443905,11680
202112,A,골목상권,2110911,199109,441478,11650
202112,A,골목상권,2110969,203564,444385,11680
202112,A,골목상권,2111002,210597,441133,11680
202112,A,골목상권,2110863,192781,441883,11620
202112,A,골목상권,2110751,191810,442086,11545
202112,A,골목상권,2110993,205157,442012,11680
202112,A,골목상권,2110725,190317,442049,11545
202112,A,골목상권,2110723,189718,442660,11545
202112,A,골목상권,2110938,203210,441747,11650
202112,A,골목상권,2110999,209174,441371,11680
202112,A,골목상권,2110941,203704,441599,11650
202112,A,골목상권,2110087,199460,447962,11170
202112,A,골목상권,2110094,200103,447302,11170
202112,A,골목상권,2110262,207894,454997,11260
202112,A,골목상권,2110279,209665,456979,11260
202112,A,골목상권,2110107,202135,449773,11200
202112,A,골목상권,2110576,195013,449632,11440
202112,A,골목상권,2111010,209002,445150,11710
202112,A,골목상권,2110098,200916,448556,11170
202112,A,골목상권,2110669,187145,450421,11500
202112,A,골목상권,2111081,212933,448427,11740
202112,A,골목상권,2110331,205055,456506,11290
202112,A,골목상권,2110786,191589,448287,11560
202112,A,골목상권,2110956,202759,445039,11680
202112,A,골목상권,2111003,207258,444942,11710
202112,A,골목상권,2110565,193645,450375,11440
202112,A,골목상권,2110149,206732,450331,11215
202112,A,골목상권,2110110,202480,451599,11200
202112,A,골목상권,2110539,197077,451538,11410
202112,A,골목상권,2110505,193349,452680,11410
202112,A,골목상권,2110055,201637,452263,11140
202112,A,골목상권,2110122,203876,452025,11200
202112,A,골목상권,2111065,211856,449198,11740
202112,A,골목상권,2110305,201963,453846,11290
202112,A,골목상권,2110499,192793,453609,11410
202112,A,골목상권,2110150,206769,451337,11215
202112,A,골목상권,2110236,206619,456601,11260
202112,A,골목상권,2111023,210877,443156,11710
202112,A,골목상권,2110925,200588,443043,11650
202112,A,골목상권,2110910,199070,443198,11650
202112,A,골목상권,2110775,191247,443583,11560
202112,A,골목상권,2110854,191833,442548,11620
202112,A,골목상권,2110853,191358,442409,11620
202112,A,골목상권,2110918,199432,442537,11650
202112,A,골목상권,2110243,206884,454298,11260
202112,A,골목상권,2110935,202365,442972,11650
202112,A,골목상권,2110585,195980,450293,11440
202112,A,골목상권,2110871,193573,442367,11620
202112,A,골목상권,2110811,192681,444420,11560
202112,A,골목상권,2110992,204993,444495,11680
202112,A,골목상권,2111043,212884,444670,11710
202112,A,골목상권,2111039,212381,444713,11710
202112,A,골목상권,2110771,191048,443665,11560
202112,A,골목상권,2110700,187406,444674,11530
202112,A,골목상권,2110903,198654,443663,11650
202112,A,골목상권,2110709,189533,443801,11530
202112,A,골목상권,2110986,204638,445688,11680
202112,A,골목상권,2110949,201717,446819,11680
202112,A,골목상권,2111026,211189,442750,11710
202112,A,골목상권,2110621,188310,447297,11470
202112,A,골목상권,2110684,184995,444292,11530
202112,A,골목상권,2110757,189735,447287,11560
202112,A,골목상권,2110878,194062,440614,11620
202112,A,골목상권,2110866,193108,441045,11620
202112,A,골목상권,2110379,203117,459526,11305
202112,A,골목상권,2110882,194406,441489,11620
202112,A,골목상권,2110724,190299,441543,11545
202112,A,골목상권,2110926,200677,442445,11650
202112,A,골목상권,2111016,210179,444616,11710
202112,A,골목상권,2110223,205570,451612,11230
202112,A,골목상권,2110648,185666,451929,11500
202112,A,골목상권,2110629,183078,451149,11500
202112,A,골목상권,2110023,200107,453242,11110
202112,A,골목상권,2110946,205030,438243,11650
202112,A,골목상권,2110160,207355,449357,11215
202112,A,골목상권,2110923,199981,442339,11650
202112,A,골목상권,2110788,191703,446987,11560
202112,A,골목상권,2111011,209231,446823,11710
202112,A,골목상권,2110950,202121,446015,11680
202112,A,골목상권,2110991,204937,445877,11680
202112,A,골목상권,2110774,191143,447652,11560
202112,A,골목상권,2110796,191953,447141,11560
202112,A,골목상권,2110601,185547,447604,11470
202112,A,골목상권,2110687,185655,443225,11530
202112,A,골목상권,2110618,188130,448472,11470
202112,A,골목상권,2110545,191583,451769,11440
202112,A,골목상권,2110460,192483,457206,11380
202112,A,골목상권,2110483,193551,457833,11380
202112,A,골목상권,2110906,198795,443413,11650
202112,A,골목상권,2110626,188816,449451,11470
202112,A,골목상권,2110745,191530,440701,11545
202112,A,골목상권,2110790,191717,444198,11560
202112,A,골목상권,2110795,191924,445495,11560
202112,A,골목상권,2110501,193048,452090,11410
202112,A,골목상권,2110514,194143,451117,11410
202112,A,골목상권,2110838,195895,444211,11590
202112,A,골목상권,2110488,193852,455651,11380
202112,A,골목상권,2110288,200468,454602,11290
202112,A,골목상권,2110204,204342,452673,11230
202112,A,골목상권,2110340,200752,460520,11305
202112,A,골목상권,2110011,197190,454150,11110
202112,A,골목상권,2110189,202948,453360,11230
202112,A,골목상권,2110231,206489,453478,11230
202112,A,골목상권,2110475,193139,455341,11380
202112,A,골목상권,2110890,195168,442297,11620
202112,A,골목상권,2110435,206741,458893,11350
202112,A,골목상권,2110401,203469,461719,11320
202112,A,골목상권,2110337,200618,460561,11305
202112,A,골목상권,2110195,203592,452931,11230
202112,A,골목상권,2110388,202591,461007,11320
202112,A,골목상권,2110224,205613,454988,11230
202112,A,골목상권,2110246,206936,454810,11260
202112,A,골목상권,2110423,205650,457728,11350
202112,A,골목상권,2110271,208657,457316,11260
202112,A,골목상권,2110104,201776,450278,11200
202112,A,골목상권,2110193,203339,454428,11230
202112,A,골목상권,2110373,202567,459678,11305
202112,A,골목상권,2110960,203014,443099,11680
202112,A,골목상권,2111055,211352,450644,11740
202112,A,골목상권,2110773,191094,448556,11560
202112,A,골목상권,2110072,197247,448837,11170
202112,A,골목상권,2110121,203714,450803,11200
202112,A,골목상권,2110990,204863,446773,11680
202112,A,골목상권,2110797,191968,444029,11560
202112,A,골목상권,2110100,200931,449003,11200
202112,A,골목상권,2110091,199883,448586,11170
202112,A,골목상권,2110805,192284,445161,11560
202112,A,골목상권,2110663,186711,450551,11500
202112,A,골목상권,2110530,195902,450888,11410
202112,A,골목상권,2110026,200475,452590,11110
202112,A,골목상권,2110043,200098,451223,11140
202112,A,골목상권,2110564,193426,451169,11440
202112,A,골목상권,2110948,207882,439960,11650
202112,A,골목상권,2110238,206665,456023,11260
202112,A,골목상권,2110914,199218,443346,11650
202112,A,골목상권,2110880,194113,442724,11620
202112,A,골목상권,2110779,191408,444095,11560
202112,A,골목상권,2110791,191787,444477,11560
202112,A,골목상권,2111037,212177,445022,11710
202112,A,골목상권,2110705,188022,444486,11530
202112,A,골목상권,2110570,194290,449398,11440
202112,A,골목상권,2110921,199692,444227,11650
202112,A,골목상권,2110798,191970,444354,11560
202112,A,골목상권,2110852,198195,442649,11590
202112,A,골목상권,2110343,201065,460561,11305
202112,A,골목상권,2110523,195059,453801,11410
202112,A,골목상권,2110200,203927,453944,11230
202112,A,골목상권,2110965,203347,445201,11680
202112,A,골목상권,2110275,208781,455407,11260
202112,A,골목상권,2110298,201401,456115,11290
202112,A,골목상권,2110347,201229,458476,11305
202112,A,골목상권,2110383,201227,461303,11320
202112,A,골목상권,2110389,202602,460535,11320
202112,A,골목상권,2110342,201054,459737,11305
202112,A,골목상권,2110412,204221,462436,11320
202112,A,골목상권,2110320,203277,455021,11290
202112,A,골목상권,2110678,189056,450081,11500
202112,A,골목상권,2110146,206420,448020,11215
202112,A,골목상권,2110073,197583,447985,11170
202112,A,골목상권,2110151,206829,447947,11215
202112,A,골목상권,2110169,207823,448110,11215
202112,A,골목상권,2111076,212634,448257,11740
202112,A,골목상권,2111067,211950,448089,11740
202112,A,골목상권,2110154,206990,448202,11215
202112,A,골목상권,2111058,211497,447809,11740
202112,A,골목상권,2110783,191506,447218,11560
202112,A,골목상권,2110143,206074,448229,11215
202112,A,골목상권,2110092,199971,447683,11170
202112,A,골목상권,2110144,206340,449654,11215
202112,A,골목상권,2110059,196101,447377,11170
202112,A,골목상권,2110044,200305,451264,11140
202112,A,골목상권,2110088,199584,447416,11170
202112,A,골목상권,2110770,191000,447029,11560
202112,A,골목상권,2110976,204029,446915,11680
202112,A,골목상권,2110155,207008,448838,11215
202112,A,골목상권,2110267,208095,455764,11260
202112,A,골목상권,2110600,185364,447026,11470
202112,A,골목상권,2110985,204619,447061,11680
202112,A,골목상권,2110756,189709,446964,11560
202112,A,골목상권,2110129,204439,450045,11200
202112,A,골목상권,2110234,206542,454925,11260
202112,A,골목상권,2110045,200437,451435,11140
202112,A,골목상권,2110398,203267,461686,11320
202112,A,골목상권,2110704,187946,444437,11530
202112,A,골목상권,2110981,204328,441787,11680
202112,A,골목상권,2110381,203892,458742,11305
202112,A,골목상권,2110977,204149,441990,11680
202112,A,골목상권,2111082,213032,448217,11740
202112,A,골목상권,2110628,189375,449531,11470
202112,A,골목상권,2110126,204125,449553,11200
202112,A,골목상권,2110556,192340,449460,11440
202112,A,골목상권,2110180,209589,449994,11215
202112,A,골목상권,2110577,195045,449330,11440
202112,A,골목상권,2110653,185955,449424,11500
202112,A,골목상권,2110148,206706,449548,11215
202112,A,골목상권,2110581,195301,449318,11440
202112,A,골목상권,2110139,205654,448411,11215
202112,A,골목상권,2111071,212291,448965,11740
202112,A,골목상권,2110102,201374,449297,11200
202112,A,골목상권,2110908,198862,444725,11650
202112,A,골목상권,2111041,212495,443853,11710
202112,A,골목상권,2110777,191301,446061,11560
202112,A,골목상권,2110764,190692,446833,11560
202112,A,골목상권,2110959,202862,447325,11680
202112,A,골목상권,2110962,203102,447355,11680
202112,A,골목상권,2110070,197188,447141,11170
202112,A,골목상권,2110604,185846,447115,11470
202112,A,골목상권,2110602,185637,446639,11470
202112,A,골목상권,2110643,184069,450602,11500
202112,A,골목상권,2110598,185258,446833,11470
202112,A,골목상권,2110729,190541,442035,11545
202112,A,골목상권,2110761,190498,445810,11560
202112,A,골목상권,2110784,191506,443621,11560
202112,A,골목상권,2110818,192075,443033,11590
202112,A,골목상권,2110553,192121,452065,11440
202112,A,골목상권,2111045,213329,443565,11710
202112,A,골목상권,2110461,192512,454580,11380
202112,A,골목상권,2110476,193184,456531,11380
202112,A,골목상권,2110842,196916,445306,11590
202112,A,골목상권,2110287,200319,456642,11290
202112,A,골목상권,2110312,202602,454316,11290
202112,A,골목상권,2110494,191700,453276,11410
202112,A,골목상권,2110504,193298,454052,11410
202112,A,골목상권,2110184,202573,453009,11230
202112,A,골목상권,2110183,202500,453147,11230
202112,A,골목상권,2110244,206913,455991,11260
202112,A,골목상권,2110434,206737,457929,11350
202112,A,골목상권,2110386,202085,462372,11320
202112,A,골목상권,2110248,207106,457307,11260
202112,A,골목상권,2110132,204787,449993,11200
202112,A,골목상권,2110145,206417,449949,11215
202112,A,골목상권,2111080,212904,449844,11740
202112,A,골목상권,2110612,187252,447113,11470
202112,A,골목상권,2110082,199227,448102,11170
202112,A,골목상권,2110594,184721,449145,11470
202112,A,골목상권,2110141,205857,449288,11215
202112,A,골목상권,2110103,201470,449614,11200
202112,A,골목상권,2111078,212782,449315,11740
202112,A,골목상권,2110644,184440,449753,11500
202112,A,골목상권,2110096,200338,449243,11170
202112,A,골목상권,2110127,204372,449136,11200
202112,A,골목상권,2110097,200500,448582,11170
202112,A,골목상권,2110561,193000,449662,11440
202112,A,골목상권,2110264,208058,454157,11260
202112,A,골목상권,2110166,207561,449082,11215
202112,A,골목상권,2110136,205263,448973,11200
202112,A,골목상권,2110438,206935,458471,11350
202112,A,골목상권,2110131,204684,449190,11200
202112,A,골목상권,2110566,193689,450734,11440
202112,A,골목상권,2110569,193972,450588,11440
202112,A,골목상권,2110554,192279,450751,11440
202112,A,골목상권,2110054,201180,450829,11140
202112,A,골목상권,2110582,195348,450624,11440
202112,A,골목상권,2110650,185767,450679,11500
202112,A,골목상권,2110164,207530,450440,11215
202112,A,골목상권,2111032,211549,445482,11710
202112,A,골목상권,2110677,188106,450468,11500
202112,A,골목상권,2110699,187267,445222,11530
202112,A,골목상권,2111015,209912,445174,11710
202112,A,골목상권,2110814,193052,445327,11560
202112,A,골목상권,2110826,194197,444877,11590
202112,A,골목상권,2110177,208438,450327,11215
202112,A,골목상권,2110623,188443,445259,11470
202112,A,골목상권,2110111,202631,450329,11200
202112,A,골목상권,2111006,208230,445073,11710
202112,A,골목상권,2110047,200608,450666,11140
202112,A,골목상권,2111004,207500,445261,11710
202112,A,골목상권,2110967,203382,444993,11680
202112,A,골목상권,2110555,192289,450418,11440
202112,A,골목상권,2110575,194809,450610,11440
202112,A,골목상권,2110050,200962,450287,11140
202112,A,골목상권,2110649,185677,450379,11500
202112,A,골목상권,2110168,207768,451633,11215
202112,A,골목상권,2110580,195136,450422,11440
202112,A,골목상권,2110661,186540,450299,11500
202112,A,골목상권,2110106,202130,450772,11200
202112,A,골목상권,2110174,208056,450646,11215
202112,A,골목상권,2110540,191151,450504,11440
202112,A,골목상권,2110557,192507,450966,11440
202112,A,골목상권,2111070,212120,449759,11740
202112,A,골목상권,2110051,201020,451547,11140
202112,A,골목상권,2110624,188618,449080,11470
202112,A,골목상권,2111084,213107,449175,11740
202112,A,골목상권,2110101,201121,449012,11200
202112,A,골목상권,2110559,192647,449711,11440
202112,A,골목상권,2110170,207839,449114,11215
202112,A,골목상권,2110159,207146,448373,11215
202112,A,골목상권,2111083,213033,448723,11740
202112,A,골목상권,2110134,205057,448527,11200
202112,A,골목상권,2111007,208287,444493,11710
202112,A,골목상권,2111009,208993,444391,11710
202112,A,골목상권,2110075,197730,449741,11170
202112,A,골목상권,2110563,193355,449596,11440
202112,A,골목상권,2110120,203619,449741,11200
202112,A,골목상권,2110567,193731,449739,11440
202112,A,골목상권,2110179,209116,449632,11215
202112,A,골목상권,2110217,205184,451731,11230
202112,A,골목상권,2111051,211001,448375,11740
202112,A,골목상권,2110065,196866,448561,11170
202112,A,골목상권,2110579,195130,448538,11440
202112,A,골목상권,2110173,208031,448446,11215
202112,A,골목상권,2110095,200158,448681,11170
202112,A,골목상권,2110076,197745,448393,11170
202112,A,골목상권,2110034,201528,452334,11110
202112,A,골목상권,2110843,197097,442989,11590
202112,A,골목상권,2110599,185325,447981,11470
202112,A,골목상권,2111056,211394,448704,11740
202112,A,골목상권,2110140,205828,448806,11215
202112,A,골목상권,2110667,187024,451364,11500
202112,A,골목상권,2110844,197246,445134,11590
202112,A,골목상권,2111012,209371,444750,11710
202112,A,골목상권,2110268,208359,454690,11260
202112,A,골목상권,2110543,191417,452630,11440
202112,A,골목상권,2110086,199333,448618,11170
202112,A,골목상권,2111020,210644,445284,11710
202112,A,골목상권,2110793,191826,444071,11560
202112,A,골목상권,2110099,201096,448321,11170
202112,A,골목상권,2110058,195991,448300,11170
202112,A,골목상권,2110593,184654,448221,11470
202112,A,골목상권,2110176,208084,450934,11215
202112,A,골목상권,2110040,198403,450740,11140
202112,A,골목상권,2111008,208921,444543,11710
202112,A,골목상권,2110118,203191,450917,11200
202112,A,골목상권,2111063,211686,448948,11740
202112,A,골목상권,2110133,205005,451474,11200
202112,A,골목상권,2110721,190542,442270,11530
202112,A,골목상권,2110888,195016,442149,11620
202112,A,골목상권,2110436,206757,462231,11350
202112,A,골목상권,2110697,186981,442705,11530
202112,A,골목상권,2111040,212447,444853,11710
202112,A,골목상권,2110889,195155,442774,11620
202112,A,골목상권,2110858,192452,443060,11620
202112,A,골목상권,2110964,203308,443417,11680
202112,A,골목상권,2110975,203995,443091,11680
202112,A,골목상권,2110511,193992,451828,11410
202112,A,골목상권,2110165,207538,451399,11215
202112,A,골목상권,2110508,193581,452250,11410
202112,A,골목상권,2111069,211978,449440,11740
202112,A,골목상권,2110161,207386,452079,11215
202112,A,골목상권,2110660,186514,451025,11500
202112,A,골목상권,2110560,192795,451180,11440
202112,A,골목상권,2110153,206986,451216,11215
202112,A,골목상권,2110674,187624,451267,11500
202112,A,골목상권,2110229,206203,451679,11230
202112,A,골목상권,2110652,185830,452345,11500
202112,A,골목상권,2110032,201321,452306,11110
202112,A,골목상권,2110497,192349,452356,11410
202112,A,골목상권,2110225,205631,452238,11230
202112,A,골목상권,2110171,207894,451157,11215
202112,A,골목상권,2110198,203763,453652,11230
202112,A,골목상권,2110015,197565,453575,11110
202112,A,골목상권,2110186,202693,453578,11230
202112,A,골목상권,2110259,207605,453651,11260
202112,A,골목상권,2110702,187595,443251,11530
202112,A,골목상권,2110919,199549,443474,11650
202112,A,골목상권,2110845,197351,443491,11590
202112,A,골목상권,2111027,211190,443254,11710
202112,A,골목상권,2110591,196683,450957,11140
202112,A,골목상권,2111090,215356,451741,11740
202112,A,골목상권,2111021,210844,445738,11710
202112,A,골목상권,2110655,186023,450878,11500
202112,A,골목상권,2110039,198307,450975,11140
202112,A,골목상권,2110541,191294,450935,11440
202112,A,골목상권,2110004,196515,452639,11110
202112,A,골목상권,2110162,207394,450961,11215
202112,A,골목상권,2110041,198702,450783,11140
202112,A,골목상권,2110520,194747,450905,11410
202112,A,골목상권,2110147,206506,450741,11215
202112,A,골목상권,2110636,183524,452766,11500
202112,A,골목상권,2110185,202589,452782,11230
202112,A,골목상권,2110115,202837,451742,11200
202112,A,골목상권,2110057,201988,451864,11140
202112,A,골목상권,2110437,206859,463094,11350
202112,A,골목상권,2110524,195098,451640,11410
202112,A,골목상권,2110534,196506,451629,11410
202112,A,골목상권,2110152,206889,451722,11215
202112,A,골목상권,2110548,191677,451386,11440
202112,A,골목상권,2110722,190871,442349,11530
202112,A,골목상권,2110537,196788,451504,11410
202112,A,골목상권,2110119,203336,451936,11200
202112,A,골목상권,2110226,205884,452160,11230
202112,A,골목상권,2110218,205185,452285,11230
202112,A,골목상권,2110038,197323,452000,11140
202112,A,골목상권,2110536,196718,451903,11410
202112,A,골목상권,2110158,207139,452098,11215
202112,A,골목상권,2110240,206780,455379,11260
202112,A,골목상권,2110500,192917,452729,11410
202112,A,골목상권,2110025,200372,452805,11110
202112,A,골목상권,2110633,183231,452569,11500
202112,A,골목상권,2110036,201785,452612,11110
202112,A,골목상권,2110030,201113,452622,11110
202112,A,골목상권,2110641,183943,452511,11500
202112,A,골목상권,2110517,194381,452679,11410
202112,A,골목상권,2110439,206945,463541,11350
202112,A,골목상권,2110209,204603,452286,11230
202112,A,골목상권,2110518,194397,453106,11410
202112,A,골목상권,2110637,183559,451406,11500
202112,A,골목상권,2111061,211593,450253,11740
202112,A,골목상권,2110631,183183,452218,11500
202112,A,골목상권,2110716,190150,443825,11530
202112,A,골목상권,2110657,186168,451814,11500
202112,A,골목상권,2110526,195290,452109,11410
202112,A,골목상권,2111033,211791,443152,11710
202112,A,골목상권,2110330,204795,456779,11290
202112,A,골목상권,2110693,186430,444135,11530
202112,A,골목상권,2110917,199349,444205,11650
202112,A,골목상권,2110615,187745,446836,11470
202112,A,골목상권,2110994,205441,442634,11680
202112,A,골목상권,2110698,187006,443245,11530
202112,A,골목상권,2111088,215016,451196,11740
202112,A,골목상권,2110078,198115,446525,11170
202112,A,골목상권,2110973,203838,446606,11680
202112,A,골목상권,2110988,204808,446522,11680
202112,A,골목상권,2110966,203355,446590,11680
202112,A,골목상권,2110799,192053,445969,11560
202112,A,골목상권,2110970,203671,445806,11680
202112,A,골목상권,2110211,204819,453331,11230
202112,A,골목상권,2110974,203957,446014,11680
202112,A,골목상권,2110216,205178,453253,11230
202112,A,골목상권,2110205,204528,454591,11230
202112,A,골목상권,2110825,194028,444089,11590
202112,A,골목상권,2110834,195254,445454,11590
202112,A,골목상권,2110689,186128,444250,11530
202112,A,골목상권,2110861,192725,442729,11620
202112,A,골목상권,2110690,186150,443556,11530
202112,A,골목상권,2110625,188651,446561,11470
202112,A,골목상권,2110782,191505,446956,11560
202112,A,골목상권,2110089,199682,446949,11170
202112,A,골목상권,2110806,192318,446854,11560
202112,A,골목상권,2110609,186647,446879,11470
202112,A,골목상권,2110758,189992,446832,11560
202112,A,골목상권,2110954,202535,444783,11680
202112,A,골목상권,2110995,205519,446418,11680
202112,A,골목상권,2110616,187800,447079,11470
202112,A,골목상권,2110968,203553,446134,11680
202112,A,골목상권,2110071,197246,446792,11170
202112,A,골목상권,2110607,186316,446727,11470
202112,A,골목상권,2110613,187327,446639,11470
202112,A,골목상권,2110206,204572,453278,11230
202112,A,골목상권,2110670,187282,448478,11500
202112,A,골목상권,2110646,185479,449463,11500
202112,A,골목상권,2110647,185654,448826,11500
202112,A,골목상권,2110597,185150,448330,11470
202112,A,골목상권,2110596,185084,447733,11470
202112,A,골목상권,2110256,207360,454464,11260
202112,A,골목상권,2110982,204400,446173,11680
202112,A,골목상권,2110695,186844,444589,11530
202112,A,골목상권,2110997,207477,443642,11680
202112,A,골목상권,2110835,195409,444697,11590
202112,A,골목상권,2110952,202328,445762,11680
202112,A,골목상권,2110208,204599,454302,11230
202112,A,골목상권,2111064,211693,447592,11740
202112,A,골목상권,2110219,205368,454267,11230
202112,A,골목상권,2110258,207602,454064,11260
202112,A,골목상권,2110833,195129,444883,11590
202112,A,골목상권,2110780,191410,444730,11560
202112,A,골목상권,2110989,204813,444816,11680
202112,A,골목상권,2110175,208073,449099,11215
202112,A,골목상권,2110083,199261,446921,11170
202112,A,골목상권,2110706,188129,444660,11530
202112,A,골목상권,2110692,186400,444468,11530
202112,A,골목상권,2110831,194853,444381,11590
202112,A,골목상권,2111005,207826,444695,11710
202112,A,골목상권,2110167,207580,450942,11215
202112,A,골목상권,2110156,207102,450471,11215
202112,A,골목상권,2111025,211117,443863,11710
202112,A,골목상권,2111038,212299,444460,11710
202112,A,골목상권,2110823,193494,443996,11590
202112,A,골목상권,2110720,190523,443690,11530
202112,A,골목상권,2110686,185333,444002,11530
202112,A,골목상권,2110713,190070,444686,11530
202112,A,골목상권,2110691,186258,444796,11530
202112,A,골목상권,2110772,191058,444857,11560
202112,A,골목상권,2110808,192418,446312,11560
202112,A,골목상권,2110605,185924,446277,11470
202112,A,골목상권,2110768,190891,445320,11560
202112,A,골목상권,2110839,196186,443882,11590
202112,A,골목상권,2110703,187636,443936,11530
202112,A,골목상권,2111036,212030,443823,11710
202112,A,골목상권,2111014,209829,445903,11710
202112,A,골목상권,2110915,199313,443943,11650
202112,A,골목상권,2110714,190136,443514,11530
202112,A,골목상권,2110603,185826,445930,11470
202112,A,골목상권,2110765,190792,445790,11560
202112,A,골목상권,2110951,202246,446821,11680
202112,A,골목상권,2110682,184465,443965,11530
202112,A,골목상권,2110617,188064,449580,11470
202112,A,골목상권,2110912,199117,443846,11650
202112,A,골목상권,2110125,204055,451301,11200
202112,A,골목상권,2110856,192263,442248,11620
202112,A,골목상권,2110828,194346,445704,11590
202112,A,골목상권,2110961,203036,445734,11680
202112,A,골목상권,2110809,192554,445882,11560
202112,A,골목상권,2110666,186982,449991,11500
202112,A,골목상권,2111019,210413,446024,11710
202112,A,골목상권,2110658,186391,449540,11500
202112,A,골목상권,2110672,187576,449659,11500
202112,A,골목상권,2110654,185969,448181,11500
202112,A,골목상권,2110673,187608,447894,11500
202112,A,골목상권,2110645,185269,450218,11500
202112,A,골목상권,2110762,190558,448979,11560
202112,A,골목상권,2110659,186437,449049,11500
202112,A,골목상권,2110595,184987,448704,11470
202112,A,골목상권,2110664,186927,450288,11500
202112,A,골목상권,2110207,204581,453849,11230
202112,A,골목상권,2110665,186951,447810,11500
202112,A,골목상권,2110708,189482,444291,11530
202112,A,골목상권,2110668,187038,448173,11500
202112,A,골목상권,2110606,185963,446705,11470
202112,A,골목상권,2110662,186672,448311,11500
202112,A,골목상권,2110620,188251,448803,11470
202112,A,골목상권,2110701,187566,445090,11530
202112,A,골목상권,2110542,191326,451287,11440
202112,A,골목상권,2110090,199698,447597,11170
202112,A,골목상권,2110614,187654,447628,11470
202112,A,골목상권,2110656,186105,447699,11500
202112,A,골목상권,2110987,204718,447414,11680
202112,A,골목상권,2111029,211267,444387,11710
202112,A,골목상권,2110611,187132,447467,11470
202112,A,골목상권,2110763,190679,447448,11560
202112,A,골목상권,2110859,192621,440399,11620
202112,A,골목상권,2110685,185115,443389,11530
202112,A,골목상권,2110212,204963,452243,11230
202112,A,골목상권,2110979,204196,447516,11680
202112,A,골목상권,2110816,193198,446187,11560
202112,A,골목상권,2110872,193588,442066,11620
202112,A,골목상권,2110740,191304,439897,11545
202112,A,골목상권,2110857,192377,441752,11620
202112,A,골목상권,2110748,191577,438822,11545
202112,A,골목상권,2110747,191577,437409,11545
202112,A,골목상권,2110741,191321,440485,11545
202112,A,골목상권,2111044,213185,444433,11710
202112,A,골목상권,2110465,192694,457959,11380
202112,A,골목상권,2110446,191793,454622,11380
202112,A,골목상권,2110052,201039,451125,11140
202112,A,골목상권,2110049,200910,450870,11140
202112,A,골목상권,2110639,183613,451836,11500
202112,A,골목상권,2110109,202318,450077,11200
202112,A,골목상권,2110683,184733,444341,11530
202112,A,골목상권,2110592,184595,448560,11470
202112,A,골목상권,2110681,184433,443540,11530
202112,A,골목상권,2110688,185691,443982,11530
202112,A,골목상권,2110610,186794,446365,11470
202112,A,골목상권,2110635,183521,451677,11500
202112,A,골목상권,2110634,183494,450899,11500
202112,A,골목상권,2110638,183571,452349,11500
202112,A,골목상권,2110630,183085,451708,11500
202112,A,골목상권,2110608,186377,447297,11470
202112,A,골목상권,2110627,188937,446751,11470
202112,A,골목상권,2110895,196101,441818,11620
202112,A,골목상권,2110794,191920,447629,11560
202112,A,골목상권,2110651,185776,448552,11500
202112,A,골목상권,2110551,192022,451128,11440
202112,A,골목상권,2110547,191664,451117,11440
202112,A,골목상권,2110800,192059,446875,11560
202112,A,골목상권,2110807,192409,446483,11560
202112,A,골목상권,2110283,199913,454792,11290
202112,A,골목상권,2110792,191800,445840,11560
202112,A,골목상권,2110785,191531,445528,11560
202112,A,골목상권,2110458,192348,457983,11380
202112,A,골목상권,2110675,187659,448589,11500
202112,A,골목상권,2110694,186544,445074,11530
202112,A,골목상권,2110696,186925,443858,11530
202112,A,골목상권,2110544,191574,450619,11440
202112,A,골목상권,2110715,190143,444196,11530
202112,A,골목상권,2110718,190341,444861,11530
202112,A,골목상권,2110733,190995,439856,11545
202112,A,골목상권,2110727,190401,440546,11545
202112,A,골목상권,2110731,190872,439518,11545
202112,A,골목상권,2110735,191120,440427,11545
202112,A,골목상권,2110819,192141,443328,11590
202112,A,골목상권,2110495,191981,453505,11410
202112,A,골목상권,2110496,192228,453204,11410
202112,A,골목상권,2110549,191949,451873,11440
202112,A,골목상권,2110552,192070,451590,11440
202112,A,골목상권,2110837,195834,443992,11590
202112,A,골목상권,2110836,195687,444798,11590
202112,A,골목상권,2110513,194121,452409,11410
202112,A,골목상권,2110892,195700,442769,11620
202112,A,골목상권,2110896,196209,442985,11620
202112,A,골목상권,2110897,196277,442500,11620
202112,A,골목상권,2110485,193727,457988,11380
202112,A,골목상권,2110916,199322,442867,11650
202112,A,골목상권,2110464,192654,457520,11380
202112,A,골목상권,2110455,192312,455957,11380
202112,A,골목상권,2110456,192321,456492,11380
202112,A,골목상권,2110137,205531,449554,11200
202112,A,골목상권,2110717,190198,442730,11530
202112,A,골목상권,2110622,188440,449561,11470
202112,A,골목상권,2110711,189805,444110,11530
202112,A,골목상권,2110802,192242,445642,11560
202112,A,골목상권,2110710,189752,443015,11530
202112,A,골목상권,2110712,189979,443083,11530
202112,A,골목상권,2110728,190425,440904,11545
202112,A,골목상권,2110671,187564,450743,11500
202112,A,골목상권,2110676,187678,450062,11500
202112,A,골목상권,2110463,192591,454708,11380
202112,A,골목상권,2110752,191838,440324,11545
202112,A,골목상권,2110766,190821,444077,11560
202112,A,골목상권,2110744,191530,441261,11545
202112,A,골목상권,2110444,191444,453259,11380
202112,A,골목상권,2110736,191223,441054,11545
202112,A,골목상권,2110737,191226,442025,11545
202112,A,골목상권,2110738,191269,441555,11545
202112,A,골목상권,2110024,200128,454192,11110
202112,A,골목상권,2110776,191259,444487,11560
202112,A,골목상권,2110767,190867,445613,11560
202112,A,골목상권,2110546,191663,450098,11440
202112,A,골목상권,2110550,192000,450207,11440
202112,A,골목상권,2110803,192250,445943,11560
202112,A,골목상권,2110260,207607,454505,11260
202112,A,골목상권,2110787,191690,445266,11560
202112,A,골목상권,2110804,192282,444441,11560
202112,A,골목상권,2110812,192712,444261,11560
202112,A,골목상권,2110781,191453,443929,11560
202112,A,골목상권,2110210,204773,453970,11230
202112,A,골목상권,2110789,191715,443481,11560
202112,A,골목상권,2110855,192184,442761,11620
202112,A,골목상권,2110270,208593,454697,11260
202112,A,골목상권,2110014,197468,453990,11110
202112,A,골목상권,2110778,191372,443227,11560
202112,A,골목상권,2110864,192929,443108,11620
202112,A,골목상권,2110468,192810,455931,11380
202112,A,골목상권,2110459,192381,455771,11380
202112,A,골목상권,2110448,191822,455250,11380
202112,A,골목상권,2110450,191924,456254,11380
202112,A,골목상권,2110453,192273,455086,11380
202112,A,골목상권,2110891,195408,443234,11620
202112,A,골목상권,2110506,193365,451792,11410
202112,A,골목상권,2110452,192191,454486,11380
202112,A,골목상권,2110128,204404,448735,11200
202112,A,골목상권,2110512,194105,453083,11410
202112,A,골목상권,2110519,194469,453985,11410
202112,A,골목상권,2110535,196562,452145,11410
202112,A,골목상권,2110538,196884,451251,11410
202112,A,골목상권,2110012,197253,452645,11110
202112,A,골목상권,2110016,197770,457073,11110
202112,A,골목상권,2110005,196655,455709,11110
202112,A,골목상권,2110451,191994,454134,11380
202112,A,골목상권,2110130,204556,451703,11200
202112,A,골목상권,2110261,207804,453124,11260
202112,A,골목상권,2110309,202181,453506,11290
202112,A,골목상권,2110018,198887,453657,11110
202112,A,골목상권,2110266,208090,453719,11260
202112,A,골목상권,2110021,199602,453931,11110
202112,A,골목상권,2110242,206853,453906,11260
202112,A,골목상권,2110302,201678,453772,11290
202112,A,골목상권,2110471,192867,454656,11380
202112,A,골목상권,2110449,191822,453737,11380
202112,A,골목상권,2110498,192370,454061,11410
202112,A,골목상권,2110815,193098,445772,11560
202112,A,골목상권,2110820,193235,445051,11590
202112,A,골목상권,2110817,193201,446117,11560
202112,A,골목상권,2110824,193539,445791,11590
202112,A,골목상권,2110558,192522,451634,11440
202112,A,골목상권,2110509,193687,451171,11410
202112,A,골목상권,2110469,192831,454142,11380
202112,A,골목상권,2110503,193283,453702,11410
202112,A,골목상권,2110484,193564,456263,11380
202112,A,골목상권,2110490,193971,456199,11380
202112,A,골목상권,2110473,193065,457034,11380
202112,A,골목상권,2110472,193035,457366,11380
202112,A,골목상권,2110584,195861,450841,11440
202112,A,골목상권,2110571,194387,449556,11440
202112,A,골목상권,2110480,193420,457553,11380
202112,A,골목상권,2110572,194408,450097,11440
202112,A,골목상권,2110829,194527,445375,11590
202112,A,골목상권,2110847,197540,441991,11590
202112,A,골목상권,2110885,194637,441834,11620
202112,A,골목상권,2110832,194893,445610,11590
202112,A,골목상권,2110830,194624,444529,11590
202112,A,골목상권,2110827,194206,444674,11590
202112,A,골목상권,2110877,194060,443038,11620
202112,A,골목상권,2110589,196521,450404,11440
202112,A,골목상권,2110590,196666,450041,11440
202112,A,골목상권,2110873,193788,443488,11620
202112,A,골목상권,2110879,194106,441571,11620
202112,A,골목상권,2110013,197340,453208,11110
202112,A,골목상권,2110821,193236,444165,11590
202112,A,골목상권,2110886,194688,441429,11620
202112,A,골목상권,2110813,192847,444735,11560
202112,A,골목상권,2110810,192653,445790,11560
202112,A,골목상권,2110528,195395,455085,11410
202112,A,골목상권,2110001,196193,456641,11110
202112,A,골목상권,2110587,196384,449929,11440
202112,A,골목상권,2110068,197125,449021,11170
202112,A,골목상권,2110586,196156,449941,11440
202112,A,골목상권,2110588,196462,449839,11440
202112,A,골목상권,2110840,196344,445404,11590
202112,A,골목상권,2110060,196350,448729,11170
202112,A,골목상권,2110533,196488,451121,11410
202112,A,골목상권,2110069,197160,449551,11170
202112,A,골목상권,2110846,197382,442574,11590
202112,A,골목상권,2110848,197873,442449,11590
202112,A,골목상권,2110338,200722,460283,11305
202112,A,골목상권,2110902,197938,441600,11620
202112,A,골목상권,2110850,198055,442220,11590
202112,A,골목상권,2110064,196815,449177,11170
202112,A,골목상권,2110237,206622,454649,11260
202112,A,골목상권,2110273,208706,455687,11260
202112,A,골목상권,2110334,205510,456457,11290
202112,A,골목상권,2110445,191752,455710,11380
202112,A,골목상권,2110265,208083,455514,11260
202112,A,골목상권,2110486,193792,455872,11380
202112,A,골목상권,2110333,205233,456776,11290
202112,A,골목상권,2110027,200498,453579,11110
202112,A,골목상권,2110313,202623,453786,11290
202112,A,골목상권,2110017,198558,453794,11110
202112,A,골목상권,2110443,190758,453856,11380
202112,A,골목상권,2110203,204293,453921,11230
202112,A,골목상권,2110252,207235,453998,11260
202112,A,골목상권,2110521,194929,454332,11410
202112,A,골목상권,2110142,206022,449645,11215
202112,A,골목상권,2110215,205173,454655,11230
202112,A,골목상권,2110006,196690,454764,11110
202112,A,골목상권,2110457,192340,456920,11380
202112,A,골목상권,2110274,208729,454473,11260
202112,A,골목상권,2110197,203646,454556,11230
202112,A,골목상권,2110222,205445,454574,11230
202112,A,골목상권,2110213,204995,454829,11230
202112,A,골목상권,2110286,200304,454459,11290
202112,A,골목상권,2110841,196764,444998,11590
202112,A,골목상권,2110063,196760,448649,11170
202112,A,골목상권,2110061,196405,449194,11170
202112,A,골목상권,2110269,208397,454269,11260
202112,A,골목상권,2110067,197092,449934,11170
202112,A,골목상권,2110066,197047,450416,11170
202112,A,골목상권,2110532,196258,451099,11410
202112,A,골목상권,2110922,199724,442959,11650
202112,A,골목상권,2110904,198663,442777,11650
202112,A,골목상권,2110907,198826,443131,11650
202112,A,골목상권,2110084,199293,449146,11170
202112,A,골목상권,2110085,199308,448771,11170
202112,A,골목상권,2110253,207302,452646,11260
202112,A,골목상권,2110031,201277,453312,11110
202112,A,골목상권,2110081,198753,449260,11170
202112,A,골목상권,2110080,198515,449803,11170
202112,A,골목상권,2110079,198182,450110,11170
202112,A,골목상권,2110074,197709,450154,11170
202112,A,골목상권,2110077,197907,449865,11170
202112,A,골목상권,2110849,197967,442925,11590
202112,A,골목상권,2110292,200892,456108,11290
202112,A,골목상권,2110289,200586,456622,11290
202112,A,골목상권,2110123,203971,451818,11200
202112,A,골목상권,2110355,201585,458010,11305
202112,A,골목상권,2110284,200015,457667,11290
202112,A,골목상권,2110339,200732,460778,11305
202112,A,골목상권,2110022,200002,454382,11110
202112,A,골목상권,2110285,200134,454924,11290
202112,A,골목상권,2110135,205245,450043,11200
202112,A,골목상권,2110042,199579,450684,11140
202112,A,골목상권,2111047,213831,444095,11710
202112,A,골목상권,2110196,203626,454236,11230
202112,A,골목상권,2110527,195293,454349,11410
202112,A,골목상권,2110277,209144,455415,11260
202112,A,골목상권,2110314,202859,455748,11290
202112,A,골목상권,2110522,195043,454088,11410
202112,A,골목상권,2110263,207946,454680,11260
202112,A,골목상권,2110516,194198,453936,11410
202112,A,골목상권,2110199,203789,453927,11230
202112,A,골목상권,2110228,206142,452909,11230
202112,A,골목상권,2110632,183219,452793,11500
202112,A,골목상권,2110493,191677,452967,11410
202112,A,골목상권,2110201,204083,452940,11230
202112,A,골목상권,2110487,193795,456921,11380
202112,A,골목상권,2110510,193853,452960,11410
202112,A,골목상권,2110035,201685,452915,11110
202112,A,골목상권,2110282,199776,456473,11290
202112,A,골목상권,2110428,206302,462731,11350
202112,A,골목상권,2110399,203334,460338,11320
202112,A,골목상권,2110411,204065,464098,11320
202112,A,골목상권,2110441,207417,461202,11350
202112,A,골목상권,2110255,207356,454899,11260
202112,A,골목상권,2110276,208942,457645,11260
202112,A,골목상권,2110387,202123,461224,11320
202112,A,골목상권,2110384,201465,462135,11320
202112,A,골목상권,2110247,207017,456734,11260
202112,A,골목상권,2110422,205594,462160,11350
202112,A,골목상권,2110326,204219,456948,11290
202112,A,골목상권,2110324,204048,456028,11290
202112,A,골목상권,2110157,207122,447819,11215
202112,A,골목상권,2110352,201379,458928,11305
202112,A,골목상권,2110363,202001,457601,11305
202112,A,골목상권,2110370,202357,457680,11305
202112,A,골목상권,2110002,196220,452889,11110
202112,A,골목상권,2110227,205918,452908,11230
202112,A,골목상권,2110642,183974,453172,11500
202112,A,골목상권,2110502,193180,452890,11410
202112,A,골목상권,2110028,200553,452950,11110
202112,A,골목상권,2110507,193402,453276,11410
202112,A,골목상권,2110033,201463,453078,11110
202112,A,골목상권,2110254,207340,453056,11260
202112,A,골목상권,2110311,202545,455422,11290
202112,A,골목상권,2110232,206525,453061,11230
202112,A,골목상권,2110019,199254,452906,11110
202112,A,골목상권,2110257,207591,455533,11260
202112,A,골목상권,2110377,202927,456868,11305
202112,A,골목상권,2110214,204996,455294,11230
202112,A,골목상권,2110306,201997,456513,11290
202112,A,골목상권,2110318,203134,456069,11290
202112,A,골목상권,2110531,196221,455359,11110
202112,A,골목상권,2110470,192867,455310,11380
202112,A,골목상권,2110037,201937,453178,11110
202112,A,골목상권,2110192,203278,453061,11230
202112,A,골목상권,2110640,183627,453188,11500
202112,A,골목상권,2110319,203222,455532,11290
202112,A,골목상권,2110354,201492,457780,11305
202112,A,골목상권,2110020,199591,454394,11110
202112,A,골목상권,2110321,203648,456377,11290
202112,A,골목상권,2110447,191810,457113,11380
202112,A,골목상권,2110996,205642,444704,11680
202112,A,골목상권,2110299,201568,455793,11290
202112,A,골목상권,2110489,193909,456379,11380
202112,A,골목상권,2110251,207234,455598,11260
202112,A,골목상권,2110478,193373,455582,11380
202112,A,골목상권,2110308,202176,456471,11290
202112,A,골목상권,2110278,209216,455838,11260
202112,A,골목상권,2110335,205653,457040,11290
202112,A,골목상권,2110336,205679,456690,11290
202112,A,골목상권,2110440,207390,463588,11350
202112,A,골목상권,2110112,202760,451070,11200
202112,A,골목상권,2110466,192755,456524,11380
202112,A,골목상권,2110250,207211,457560,11260
202112,A,골목상권,2110432,206540,459594,11350
202112,A,골목상권,2110442,207945,458316,11350
202112,A,골목상권,2110414,204627,458247,11350
202112,A,골목상권,2110010,197114,456650,11110
202112,A,골목상권,2110272,208664,456261,11260
202112,A,골목상권,2110316,202976,456493,11290
202112,A,골목상권,2110382,201227,461829,11320
202112,A,골목상권,2110003,196362,456102,11110
202112,A,골목상권,2110477,193358,455947,11380
202112,A,골목상권,2110221,205387,456041,11290
202112,A,골목상권,2110310,202334,456065,11290
202112,A,골목상권,2110417,205091,459217,11350
202112,A,골목상권,2110462,192566,458456,11380
202112,A,골목상권,2110953,202416,446272,11680
202112,A,골목상권,2110429,206429,458004,11350
202112,A,골목상권,2110983,204436,442033,11680
202112,A,골목상권,2110491,194165,458115,11380
202112,A,골목상권,2110420,205277,458017,11350
202112,A,골목상권,2110190,203006,453902,11230
202112,A,골목상권,2110301,201644,455091,11290
202112,A,골목상권,2110329,204680,457432,11290
202112,A,골목상권,2110454,192305,457517,11380
202112,A,골목상권,2110105,202016,449959,11200
202112,A,골목상권,2110984,204614,441586,11680
202112,A,골목상권,2110899,196717,442215,11620
202112,A,골목상권,2110901,197182,441397,11620
202112,A,골목상권,2110943,204103,441556,11650
202112,A,골목상권,2110937,203207,442079,11650
202112,A,골목상권,2110876,194019,442222,11620
202112,A,골목상권,2110920,199691,442337,11650
202112,A,골목상권,2110913,199124,441990,11650
202112,A,골목상권,2110732,190902,441832,11545
202112,A,골목상권,2110893,195803,441681,11620
202112,A,골목상권,2110900,196751,441635,11620
202112,A,골목상권,2110328,204452,456295,11290
202112,A,골목상권,2110371,202432,457443,11305
202112,A,골목상권,2110481,193494,456964,11380
202112,A,골목상권,2110368,202200,457226,11305
202112,A,골목상권,2110424,205947,462137,11350
202112,A,골목상권,2110374,202704,457826,11305
202112,A,골목상권,2110479,193383,458088,11380
202112,A,골목상권,2110364,202023,458655,11305
202112,A,골목상권,2110467,192810,458392,11380
202112,A,골목상권,2110482,193550,458484,11380
202112,A,골목상권,2110194,203542,453921,11230
202112,A,골목상권,2110433,206677,458342,11350
202112,A,골목상권,2110369,202285,459239,11305
202112,A,골목상권,2110474,193130,458398,11380
202112,A,골목상권,2110359,201779,459923,11305
202112,A,골목상권,2110409,203830,461720,11320
202112,A,골목상권,2110346,201107,461134,11305
202112,A,골목상권,2110385,201624,461665,11320
202112,A,골목상권,2110345,201106,461990,11305
202112,A,골목상권,2110341,200816,462488,11305
202112,A,골목상권,2110349,201288,459284,11305
202112,A,골목상권,2110344,201083,459229,11305
202112,A,골목상권,2110357,201636,460401,11305
202112,A,골목상권,2110426,206133,461852,11350
202112,A,골목상권,2110404,203562,459752,11320
202112,A,골목상권,2110348,201283,460303,11305
202112,A,골목상권,2110492,194572,460182,11380
202112,A,골목상권,2110525,195155,455031,11410
202112,A,골목상권,2110366,202135,460441,11305
202112,A,골목상권,2110408,203693,462142,11320
202112,A,골목상권,2110430,206534,462033,11350
202112,A,골목상권,2110419,205179,464186,11350
202112,A,골목상권,2110410,203951,463290,11320
202112,A,골목상권,2110406,203649,465590,11320
202112,A,골목상권,2110415,204672,464001,11350
202112,A,골목상권,2110403,203501,462825,11320
202112,A,골목상권,2110413,204231,464881,11320
202112,A,골목상권,2110392,202851,462138,11320
202112,A,골목상권,2110425,206058,462356,11350
202112,A,골목상권,2110431,206540,462369,11350
202112,A,골목상권,2110233,206525,455170,11260
202112,A,골목상권,2110220,205372,455058,11230
202112,A,골목상권,2110378,203061,457214,11305
202112,A,골목상권,2110568,193914,449957,11440
202112,A,골목상권,2110574,194670,449973,11440
202112,A,골목상권,2110138,205916,450185,11200
202112,A,골목상권,2110865,192962,441548,11620
202112,A,골목상권,2110942,204089,441120,11650
202112,A,골목상권,2111001,209670,441375,11680
202112,A,골목상권,2110940,203592,441374,11650
202112,A,골목상권,2110862,192766,441381,11620
202112,A,골목상권,2110898,196342,443500,11620
202112,A,골목상권,2111042,212708,444164,11710
202112,A,골목상권,2110407,203649,463994,11320
202112,A,골목상권,2110163,207468,447906,11215
202112,A,골목상권,2110416,205063,463676,11350
202112,A,골목상권,2110418,205112,457571,11350
202112,A,골목상권,2110124,204030,450038,11200
202112,A,골목상권,2110230,206287,452213,11230
202112,A,골목상권,2110241,206828,456519,11260
202112,A,골목상권,2110239,206751,455191,11260
202112,A,골목상권,2110322,203690,457337,11290
202112,A,골목상권,2110327,204424,456586,11290
202112,A,골목상권,2111031,211529,442962,11710
202112,A,골목상권,2111050,210995,447915,11740
202112,A,골목상권,2110062,196626,447338,11170
202112,A,골목상권,2110562,193253,451565,11440
202112,A,골목상권,2110007,196908,452677,11110
202112,A,골목상권,2111024,210924,443683,11710
202112,A,골목상권,2110008,197028,453339,11110
202112,A,골목상권,2110202,204165,453094,11230
202112,A,골목상권,2110421,205493,457389,11350
202112,A,골목상권,2110680,183987,443846,11530
202112,A,골목상권,2110875,193993,443289,11620
202112,A,골목상권,2110884,194616,442850,11620
202112,A,골목상권,2110707,189311,445605,11530
202112,A,골목상권,2110108,202251,450501,11200
202112,A,골목상권,2110281,199401,455323,11290
202112,A,골목상권,2110515,194169,454794,11410
202112,A,골목상권,2110280,199227,454895,11290
202112,A,골목상권,2110529,195427,454777,11410
202112,A,골목상권,2110317,203006,454891,11290
202112,A,골목상권,2110009,197067,455076,11110
202112,A,골목상권,2110883,194421,443119,11620
202112,A,골목상권,2111057,211484,449288,11740
202112,A,골목상권,2110769,190899,443520,11560
202112,A,골목상권,2110851,198191,443561,11590
202112,A,골목상권,2110860,192717,442433,11620
202112,A,골목상권,2110867,193202,442514,11620
202112,A,골목상권,2110905,198753,442493,11650
202112,A,골목상권,2111028,211262,442462,11710
202112,A,골목상권,2110894,195896,443153,11620
202112,A,골목상권,2110113,202772,449975,11200
202112,A,골목상권,2110583,195798,449942,11440
202112,A,골목상권,2110679,189148,449882,11500
202112,A,골목상권,2111075,212472,449926,11740
202112,A,골목상권,2110178,209113,449912,11215
202112,A,골목상권,2111086,213641,449810,11740
202112,A,골목상권,2110172,207923,449737,11215
202112,A,골목상권,2110578,195108,449882,11440
202112,A,골목상권,2110405,203587,463275,11320
202112,A,골목상권,2110939,203491,442510,11650
202112,A,골목상권,2110924,200058,444098,11650
202112,A,골목상권,2111022,210846,444716,11710
202112,A,골목상권,2110822,193486,444708,11590
202112,A,골목상권,2110801,192138,444743,11560
202112,A,골목상권,2111035,211925,444846,11710
202112,A,골목상권,2111046,213376,444049,11710
202112,A,골목상권,2110117,203108,451975,11200
202112,A,골목상권,2110046,200540,450224,11140
202112,A,골목상권,2111074,212391,450217,11740
202112,A,골목상권,2110930,201859,443701,11650
202112,A,골목상권,2110934,202306,441283,11650
202112,A,골목상권,2110929,201805,443240,11650
202112,A,골목상권,2110928,201040,443278,11650
202112,A,골목상권,2110927,201007,445921,11650
202112,A,골목상권,2110048,200750,451278,11140
202112,A,골목상권,2111052,211037,449881,11740
202112,A,골목상권,2111089,215084,449883,11740
202112,A,골목상권,2110743,191514,439553,11545
202112,A,골목상권,2110396,203217,460970,11320
202112,A,골목상권,2110291,200865,454031,11290
202112,A,골목상권,2110029,200985,452948,11110
202112,A,골목상권,2110293,200940,454644,11290
202112,A,골목상권,2110296,201217,455085,11290
202112,A,골목상권,2110295,201106,456375,11290
202112,A,골목상권,2110188,202904,452487,11230
202112,A,골목상권,2110191,203174,454294,11230
202112,A,골목상권,2110187,202870,452945,11230
202112,A,골목상권,2110390,202791,462604,11320
202112,A,골목상권,2110391,202805,463240,11320
202112,A,골목상권,2110400,203438,462133,11320
202112,A,골목상권,2110380,203207,458632,11305
202112,A,골목상권,2110290,200783,457110,11290
202112,A,골목상권,2110746,191540,439163,11545
202112,A,골목상권,2111018,210306,448570,11710
202112,A,골목상권,2111054,211335,450472,11740
202112,A,골목상권,2111000,209446,440477,11680
202112,A,골목상권,2110978,204152,442660,11680
202112,A,골목상권,2111073,212381,447957,11740
202112,A,골목상권,2111079,212788,447914,11740
202112,A,골목상권,2111053,211051,447433,11740
202112,A,골목상권,2111062,211648,447210,11740
202112,A,골목상권,2111049,210910,449354,11740
202112,A,골목상권,2111048,210703,449041,11740
202112,A,골목상권,2111059,211505,448253,11740
202112,A,골목상권,2111077,212665,448658,11740
202112,A,골목상권,2110294,201084,456806,11290
202112,A,골목상권,2110351,201351,459605,11305
202112,A,골목상권,2110350,201299,459936,11305
202112,A,골목상권,2110375,202771,459383,11305
202112,A,골목상권,2110367,202140,460131,11305
202112,A,골목상권,2110365,202066,458220,11305
202112,A,골목상권,2110360,201802,459174,11305
202112,A,골목상권,2110307,202062,456102,11290
202112,A,골목상권,2110361,201933,457932,11305
202112,A,골목상권,2110300,201642,454403,11290
202112,A,골목상권,2110303,201872,454953,11290
202112,A,골목상권,2110304,201907,454160,11290
202112,A,골목상권,2110297,201222,454308,11290
202112,A,골목상권,2110181,202386,452501,11230
202112,A,골목상권,2110182,202387,453434,11230
202112,A,골목상권,2110056,201878,451446,11140
202112,A,골목상권,2110402,203488,462449,11320
202112,A,골목상권,2110325,204064,457493,11290
202112,A,골목상권,2110315,202910,455279,11290
202112,A,골목상권,2110372,202498,460400,11305
202112,A,골목상권,2110376,202836,460016,11305
202112,A,골목상권,2110323,203931,456270,11290
202112,A,골목상권,2110971,203768,445306,11680
202112,A,골목상권,2110394,203125,462964,11320
202112,A,골목상권,2110356,201628,460958,11305
202112,A,골목상권,2110397,203219,464808,11320
202112,A,골목상권,2110362,201979,460753,11305
202112,A,골목상권,2110358,201750,459623,11305
202112,A,골목상권,2110353,201429,460723,11305
202112,A,골목상권,2110980,204264,442377,11680
202112,A,골목상권,2110955,202593,445514,11680
202112,A,골목상권,2110958,202861,444863,11680
202112,A,골목상권,2110957,202799,446480,11680
202112,A,골목상권,2110116,203101,452319,11200
202112,A,골목상권,2110869,193369,443055,11620
202112,A,골목상권,2110235,206596,455444,11260
202112,A,골목상권,2111034,211869,445252,11710
202112,A,골목상권,2111013,209566,445524,11710
202112,A,골목상권,2110909,199017,440781,11650
202112,A,골목상권,2110759,190429,446173,11560
202112,A,골목상권,2111060,211507,449726,11740
202112,A,골목상권,2111087,214402,451343,11740
202112,A,골목상권,2111066,211910,449973,11740
202112,A,골목상권,2110945,204670,439502,11650
202112,A,골목상권,2110931,201863,440734,11650
202112,A,골목상권,2111085,213564,451273,11740
202112,A,골목상권,2110726,190328,439340,11545
202112,A,골목상권,2111072,212310,449303,11740
202112,A,골목상권,2110754,192050,439277,11545
202112,A,골목상권,2110750,191761,439797,11545
202112,A,골목상권,2110936,203119,440694,11650
202112,A,골목상권,2110742,191402,438645,11545
202112,A,골목상권,2110947,205200,438615,11650
202112,A,골목상권,2110749,191635,438039,11545
202112,A,골목상권,2110730,190682,440601,11545
202112,A,골목상권,2110998,208683,440814,11680
202112,A,골목상권,2110881,194346,440875,11620
202112,A,골목상권,2110874,193876,440959,11620
202112,A,골목상권,2110887,194791,441118,11620
202112,A,골목상권,2110944,204541,440378,11650
202112,A,골목상권,2110870,193498,440459,11620
202112,D,발달상권,2120234,210458,443967,11710
202112,D,발달상권,2120175,201601,442843,11650
202112,D,발달상권,2120137,190840,446506,11560
202112,D,발달상권,2120035,200193,451556,11140
202112,D,발달상권,2120073,202532,456473,11290
202112,D,발달상권,2120010,199795,452841,11110
202112,D,발달상권,2120013,200141,452868,11110
202112,D,발달상권,2120196,203125,446192,11680
202112,D,발달상권,2120203,203588,446321,11680
202112,D,발달상권,2120143,191298,448337,11560
202112,D,발달상권,2120127,190329,444187,11530
202112,D,발달상권,2120150,194646,446701,11560
202112,D,발달상권,2120008,198702,452694,11110
202112,D,발달상권,2120021,197721,451370,11140
202112,D,발달상권,2120006,198542,452311,11110
202112,D,발달상권,2120118,184695,451172,11500
202112,D,발달상권,2120100,192131,450679,11440
202112,D,발달상권,2120111,187899,448271,11500
202112,D,발달상권,2120075,203773,455951,11290
202112,D,발달상권,2120198,203312,443991,11680
202112,D,발달상권,2120045,197640,449258,11170
202112,D,발달상권,2120147,193042,444314,11590
202112,D,발달상권,2120061,208468,449149,11215
202112,D,발달상권,2120056,207558,448641,11215
202112,D,발달상권,2120029,198751,451719,11140
202112,D,발달상권,2120048,201734,449893,11200
202112,D,발달상권,2120174,201472,445871,11650
202112,D,발달상권,2120071,201379,454429,11290
202112,D,발달상권,2120162,198748,444076,11650
202112,D,발달상권,2120057,207833,450255,11215
202112,D,발달상권,2120146,192074,446989,11560
202112,D,발달상권,2120095,195105,454290,11410
202112,D,발달상권,2120176,201679,445426,11650
202112,D,발달상권,2120154,194819,444980,11590
202112,D,발달상권,2120179,202950,442711,11650
202112,D,발달상권,2120113,188866,447141,11470
202112,D,발달상권,2120089,192888,459794,11380
202112,D,발달상권,2120058,207834,449499,11215
202112,D,발달상권,2120019,197336,451514,11140
202112,D,발달상권,2120139,190912,444502,11560
202112,D,발달상권,2120082,205515,460932,11350
202112,D,발달상권,2120248,212812,450206,11740
202112,D,발달상권,2120134,191687,442231,11545
202112,D,발달상권,2120241,212873,443800,11710
202112,D,발달상권,2120023,198027,452010,11140
202112,D,발달상권,2120067,206310,452484,11230
202112,D,발달상권,2120044,197624,448256,11170
202112,D,발달상권,2120168,200416,442503,11650
202112,D,발달상권,2120235,210530,442870,11710
202112,D,발달상권,2120124,187256,443365,11530
202112,D,발달상권,2120189,202474,444281,11650
202112,D,발달상권,2120080,205069,462922,11350
202112,D,발달상권,2120144,191596,447521,11560
202112,D,발달상권,2120206,203903,444198,11680
202112,D,발달상권,2120009,199198,452580,11110
202112,D,발달상권,2120215,204984,445257,11680
202112,D,발달상권,2120207,204015,445771,11680
202112,D,발달상권,2120178,201811,446259,11650
202112,D,발달상권,2120017,201318,452606,11110
202112,D,발달상권,2120042,197522,449226,11170
202112,D,발달상권,2120074,202608,454027,11290
202112,D,발달상권,2120180,203283,440549,11650
202112,D,발달상권,2120164,199492,443192,11650
202112,D,발달상권,2120199,203439,445451,11680
202112,D,발달상권,2120170,200967,444745,11650
202112,D,발달상권,2120088,192655,456922,11380
202112,D,발달상권,2120218,205224,445843,11680
202112,D,발달상권,2120018,197214,451056,11140
202112,D,발달상권,2120079,204240,461461,11320
202112,D,발달상권,2120129,190745,442733,11530
202112,D,발달상권,2120052,205054,449481,11200
202112,D,발달상권,2120171,201060,442541,11650
202112,D,발달상권,2120047,200660,448135,11170
202112,D,발달상권,2120136,190715,447360,11560
202112,D,발달상권,2120055,207020,450892,11215
202112,D,발달상권,2120205,203857,442719,11680
202112,D,발달상권,2120185,201955,445691,11680
202112,D,발달상권,2120246,212246,448656,11740
202112,D,발달상권,2120142,190966,443842,11560
202112,D,발달상권,2120081,205512,461799,11350
202112,D,발달상권,2120016,201043,452404,11110
202112,D,발달상권,2120070,200734,454416,11290
202112,D,발달상권,2120004,198298,452713,11110
202112,D,발달상권,2120086,206843,457720,11350
202112,D,발달상권,2120117,184141,450453,11500
202112,D,발달상권,2120077,202290,458453,11305
202112,D,발달상권,2120097,196777,451248,11410
202112,D,발달상권,2120231,209832,443836,11710
202112,D,발달상권,2120068,207771,453547,11260
202112,D,발달상권,2120001,197009,451914,11110
202112,D,발달상권,2120085,206770,461152,11350
202112,D,발달상권,2120135,190174,447327,11560
202112,D,발달상권,2120141,190964,446866,11560
202112,D,발달상권,2120224,209095,443156,11680
202112,D,발달상권,2120169,200726,443587,11650
202112,D,발달상권,2120011,199810,452386,11110
202112,D,발달상권,2120092,193753,456582,11380
202112,D,발달상권,2120211,204652,444566,11680
202112,D,발달상권,2120214,204834,447198,11680
202112,D,발달상권,2120015,200640,452542,11110
202112,D,발달상권,2120249,213669,450457,11740
202112,D,발달상권,2120083,205864,460037,11350
202112,D,발달상권,2120116,183151,451344,11500
202112,D,발달상권,2120020,197716,451588,11140
202112,D,발달상권,2120050,204129,449171,11200
202112,D,발달상권,2120024,198140,450866,11140
202112,D,발달상권,2120239,211152,444731,11710
202112,D,발달상권,2120177,201765,445104,11650
202112,D,발달상권,2120026,198557,452008,11140
202112,D,발달상권,2120087,192611,455472,11380
202112,D,발달상권,2120140,190948,446306,11560
202112,D,발달상권,2120210,204334,445014,11680
202112,D,발달상권,2120037,200665,451754,11140
202112,D,발달상권,2120039,201357,451717,11140
202112,D,발달상권,2120195,203013,447534,11680
202112,D,발달상권,2120222,205549,445536,11680
202112,D,발달상권,2120243,211174,448779,11740
202112,D,발달상권,2120229,209675,446098,11710
202112,D,발달상권,2120145,191749,446587,11560
202112,D,발달상권,2120238,211054,445509,11710
202112,D,발달상권,2120028,198609,451522,11140
202112,D,발달상권,2120130,191270,442601,11530
202112,D,발달상권,2120221,205487,446152,11680
202112,D,발달상권,2120193,202968,446869,11680
202112,D,발달상권,2120106,195244,448851,11440
202112,D,발달상권,2120054,206495,449801,11215
202112,D,발달상권,2120187,202266,445056,11680
202112,D,발달상권,2120151,193389,443527,11590
202112,D,발달상권,2120043,197590,450591,11140
202112,D,발달상권,2120123,186308,444024,11530
202112,D,발달상권,2120036,200501,451166,11140
202112,D,발달상권,2120032,199577,451324,11140
202112,D,발달상권,2120244,211288,450226,11740
202112,D,발달상권,2120128,190340,445405,11530
202112,D,발달상권,2120063,204170,453536,11230
202112,D,발달상권,2120012,200102,453717,11110
202112,D,발달상권,2120007,198693,453355,11110
202112,D,발달상권,2120022,198006,451522,11140
202112,D,발달상권,2120103,193112,450387,11440
202112,D,발달상권,2120138,190879,447814,11560
202112,D,발달상권,2120202,203552,447483,11680
202112,D,발달상권,2120186,201997,446820,11680
202112,D,발달상권,2120109,187677,446890,11470
202112,D,발달상권,2120197,203197,444543,11680
202112,D,발달상권,2120133,191300,439286,11545
202112,D,발달상권,2120152,193563,444469,11590
202112,D,발달상권,2120062,202105,452848,11230
202112,D,발달상권,2120003,197731,452507,11110
202112,D,발달상권,2120040,196566,448200,11170
202112,D,발달상권,2120217,205119,444861,11680
202112,D,발달상권,2120155,196869,443223,11590
202112,D,발달상권,2120120,185752,449080,11500
202112,D,발달상권,2120066,205638,451425,11230
202112,D,발달상권,2120112,188078,450164,11470
202112,D,발달상권,2120236,210822,442113,11710
202112,D,발달상권,2120041,196762,447604,11170
202112,D,발달상권,2120030,199148,451426,11140
202112,D,발달상권,2120107,195765,449397,11440
202112,D,발달상권,2120076,202185,459795,11305
202112,D,발달상권,2120072,201490,454779,11290
202112,D,발달상권,2120183,203868,442324,11650
202112,D,발달상권,2120212,204753,444195,11680
202112,D,발달상권,2120192,202741,443426,11680
202112,D,발달상권,2120069,207778,455175,11260
202112,D,발달상권,2120046,199527,448393,11170
202112,D,발달상권,2120153,194801,446052,11590
202112,D,발달상권,2120034,199857,451560,11140
202112,D,발달상권,2120053,206139,449073,11215
202112,D,발달상권,2120049,203314,451375,11200
202112,D,발달상권,2120165,199790,444256,11650
202112,D,발달상권,2120163,198821,442196,11650
202112,D,발달상권,2120114,189187,448093,11470
202112,D,발달상권,2120065,205137,454445,11230
202112,D,발달상권,2120166,199793,442418,11650
202112,D,발달상권,2120247,212576,449566,11740
202112,D,발달상권,2120245,211927,447436,11740
202112,D,발달상권,2120121,186535,447858,11500
202112,D,발달상권,2120219,205344,444397,11680
202112,D,발달상권,2120098,190279,453334,11440
202112,D,발달상권,2120102,192680,450623,11440
202112,D,발달상권,2120160,198454,441856,11650
202112,D,발달상권,2120149,193379,447071,11560
202112,D,발달상권,2120184,204050,441977,11650
202112,D,발달상권,2120002,197453,453347,11110
202112,D,발달상권,2120228,209331,445222,11710
202112,D,발달상권,2120125,189264,444734,11530
202112,D,발달상권,2120204,203794,444815,11680
202112,D,발달상권,2120091,193116,455711,11380
202112,D,발달상권,2120122,186807,450214,11500
202112,D,발달상권,2120200,203484,447046,11680
202112,D,발달상권,2120172,201120,443151,11650
202112,D,발달상권,2120158,194434,441204,11620
202112,D,발달상권,2120225,207356,445640,11710
202112,D,발달상권,2120148,193051,447646,11560
202112,D,발달상권,2120099,190866,452258,11440
202112,D,발달상권,2120190,202499,446700,11680
202112,D,발달상권,2120132,190603,441310,11545
202112,D,발달상권,2120188,202455,447347,11680
202112,D,발달상권,2120242,210906,447815,11740
202112,D,발달상권,2120213,204754,445856,11680
202112,D,발달상권,2120093,193807,451949,11410
202112,D,발달상권,2120108,187013,446896,11470
202112,D,발달상권,2120110,187688,447374,11470
202112,D,발달상권,2120090,193116,457736,11380
202112,D,발달상권,2120059,208148,448830,11215
202112,D,발달상권,2120233,210013,446275,11710
202112,D,발달상권,2120159,195673,442400,11620
202112,D,발달상권,2120237,210920,444060,11710
202112,D,발달상권,2120105,193196,449888,11440
202112,D,발달상권,2120208,204242,447237,11680
202112,D,발달상권,2120104,193195,451184,11440
202112,D,발달상권,2120173,201368,443825,11650
202112,D,발달상권,2120230,209703,444619,11710
202112,D,발달상권,2120181,203362,441993,11650
202112,D,발달상권,2120033,199715,451892,11140
202112,D,발달상권,2120101,192363,449973,11440
202112,D,발달상권,2120201,203534,443646,11680
202112,D,발달상권,2120096,195151,450943,11410
202112,D,발달상권,2120156,198366,442986,11590
202112,D,발달상권,2120194,202978,445363,11680
202112,D,발달상권,2120161,198550,443959,11650
202112,D,발달상권,2120119,185494,451210,11500
202112,D,발달상권,2120157,193755,442831,11620
202112,D,발달상권,2120167,200352,445060,11650
202112,D,발달상권,2120220,205483,443898,11680
202112,D,발달상권,2120232,209915,445691,11710
202112,D,발달상권,2120182,203611,441212,11650
202112,D,발달상권,2120094,194358,450768,11410
202112,D,발달상권,2120209,204322,446563,11680
202112,D,발달상권,2120025,198249,451718,11140
202112,D,발달상권,2120060,208385,448363,11215
202112,D,발달상권,2120064,204629,454789,11230
202112,D,발달상권,2120051,204308,449673,11200
202112,D,발달상권,2120078,202781,457025,11305
202112,D,발달상권,2120223,205736,444979,11680
202112,D,발달상권,2120084,206537,458421,11350
202112,D,발달상권,2120191,202610,446011,11680
202112,D,발달상권,2120005,198358,453656,11110
202112,D,발달상권,2120014,200192,452446,11110
202112,D,발달상권,2120027,198591,451129,11140
202112,D,발달상권,2120115,182574,451711,11500
202112,D,발달상권,2120240,211926,444010,11710
202112,D,발달상권,2120126,190144,442426,11530
202112,D,발달상권,2120131,189615,441854,11545
202112,D,발달상권,2120226,208550,444902,11710
202112,D,발달상권,2120031,199251,451877,11140
202112,D,발달상권,2120038,200940,450483,11140
202112,D,발달상권,2120216,205001,446821,11680
202112,D,발달상권,2120227,208903,446093,11710
202112,R,전통시장,2130116,208597,456498,11260
202112,R,전통시장,2130254,191772,446760,11560
202112,R,전통시장,2130316,213302,444322,11710
202112,R,전통시장,2130131,201694,457842,11305
202112,R,전통시장,2130147,203091,460813,11320
202112,R,전통시장,2130126,204650,456516,11290
202112,R,전통시장,2130173,193208,453050,11410
202112,R,전통시장,2130125,204519,456893,11290
202112,R,전통시장,2130082,207176,452398,11215
202112,R,전통시장,2130231,190812,440798,11545
202112,R,전통시장,2130095,203832,453575,11230
202112,R,전통시장,2130161,191631,453573,11380
202112,R,전통시장,2130096,204647,451975,11230
202112,R,전통시장,2130258,192568,444556,11560
202112,R,전통시장,2130077,205964,448825,11215
202112,R,전통시장,2130026,198197,451652,11140
202112,R,전통시장,2130249,191658,446794,11560
202112,R,전통시장,2130185,191666,450971,11440
202112,R,전통시장,2130091,203595,453622,11230
202112,R,전통시장,2130213,183415,452434,11500
202112,R,전통시장,2130124,204238,457971,11290
202112,R,전통시장,2130079,206177,449346,11215
202112,R,전통시장,2130263,194664,445447,11590
202112,R,전통시장,2130320,211399,450169,11740
202112,R,전통시장,2130321,211412,447588,11740
202112,R,전통시장,2130136,201901,459147,11305
202112,R,전통시장,2130199,184637,448250,11470
202112,R,전통시장,2130178,195099,451101,11410
202112,R,전통시장,2130241,190786,448459,11560
202112,R,전통시장,2130266,195120,445772,11590
202112,R,전통시장,2130073,204819,448744,11200
202112,R,전통시장,2130193,194281,449532,11440
202112,R,전통시장,2130060,198676,449528,11170
202112,R,전통시장,2130018,201243,452449,11110
202112,R,전통시장,2130197,195892,449499,11440
202112,R,전통시장,2130002,197425,453043,11110
202112,R,전통시장,2130030,198850,451851,11140
202112,R,전통시장,2130189,193061,450440,11440
202112,R,전통시장,2130006,199812,452230,11110
202112,R,전통시장,2130089,203575,453165,11230
202112,R,전통시장,2130308,205100,446990,11680
202112,R,전통시장,2130181,196381,450924,11410
202112,R,전통시장,2130138,202081,459122,11305
202112,R,전통시장,2130319,211269,448249,11740
202112,R,전통시장,2130220,187646,450806,11500
202112,R,전통시장,2130324,212688,448834,11740
202112,R,전통시장,2130117,200793,456502,11290
202112,R,전통시장,2130108,206855,455522,11260
202112,R,전통시장,2130043,201001,452122,11140
202112,R,전통시장,2130016,201056,452272,11110
202112,R,전통시장,2130217,186204,449333,11500
202112,R,전통시장,2130265,195115,445908,11590
202112,R,전통시장,2130299,200658,445081,11650
202112,R,전통시장,2130005,199612,452227,11110
202112,R,전통시장,2130088,203465,453328,11230
202112,R,전통시장,2130149,203263,460023,11320
202112,R,전통시장,2130059,197903,450085,11170
202112,R,전통시장,2130112,208026,453542,11260
202112,R,전통시장,2130145,202857,460714,11320
202112,R,전통시장,2130021,201848,452569,11110
202112,R,전통시장,2130098,204917,454623,11230
202112,R,전통시장,2130157,206104,462246,11350
202112,R,전통시장,2130166,192813,454969,11380
202112,R,전통시장,2130311,207564,445528,11710
202112,R,전통시장,2130183,190795,453080,11440
202112,R,전통시장,2130048,201169,452222,11140
202112,R,전통시장,2130164,192599,457080,11380
202112,R,전통시장,2130297,200185,445088,11650
202112,R,전통시장,2130190,193073,450398,11440
202112,R,전통시장,2130191,193383,450703,11440
202112,R,전통시장,2130154,205252,460805,11350
202112,R,전통시장,2130309,205634,444008,11680
202112,R,전통시장,2130228,189881,443266,11530
202112,R,전통시장,2130203,185612,447937,11470
202112,R,전통시장,2130025,198174,451156,11140
202112,R,전통시장,2130240,190657,446983,11560
202112,R,전통시장,2130167,192815,457888,11380
202112,R,전통시장,2130180,195474,455495,11410
202112,R,전통시장,2130222,186150,444126,11530
202112,R,전통시장,2130211,189054,446792,11470
202112,R,전통시장,2130033,199595,452002,11140
202112,R,전통시장,2130140,202582,457106,11305
202112,R,전통시장,2130141,202666,459592,11305
202112,R,전통시장,2130260,191922,443396,11590
202112,R,전통시장,2130174,193786,451958,11410
202112,R,전통시장,2130065,202677,451380,11200
202112,R,전통시장,2130187,192299,450435,11440
202112,R,전통시장,2130218,186252,451047,11500
202112,R,전통시장,2130255,191909,446830,11560
202112,R,전통시장,2130275,191591,442570,11620
202112,R,전통시장,2130196,195831,449449,11440
202112,R,전통시장,2130113,208352,456316,11260
202112,R,전통시장,2130296,198668,443927,11650
202112,R,전통시장,2130009,200268,452278,11110
202112,R,전통시장,2130153,204350,461492,11320
202112,R,전통시장,2130001,197338,453452,11110
202112,R,전통시장,2130031,199212,452007,11140
202112,R,전통시장,2130019,201294,452274,11110
202112,R,전통시장,2130144,201357,461827,11320
202112,R,전통시장,2130283,193563,442582,11620
202112,R,전통시장,2130184,190832,451595,11440
202112,R,전통시장,2130194,194897,449083,11440
202112,R,전통시장,2130195,195558,448904,11440
202112,R,전통시장,2130245,191200,446425,11560
202112,R,전통시장,2130168,193167,457810,11380
202112,R,전통시장,2130202,185487,448177,11470
202112,R,전통시장,2130186,191705,450757,11440
202112,R,전통시장,2130310,205983,443264,11680
202112,R,전통시장,2130278,192616,441659,11620
202112,R,전통시장,2130076,205883,448396,11215
202112,R,전통시장,2130244,191099,443490,11560
202112,R,전통시장,2130011,200500,452753,11110
202112,R,전통시장,2130225,187143,443568,11530
202112,R,전통시장,2130066,202939,451302,11200
202112,R,전통시장,2130152,204013,463716,11320
202112,R,전통시장,2130313,210216,445807,11710
202112,R,전통시장,2130294,196136,442757,11620
202112,R,전통시장,2130003,198586,452295,11110
202112,R,전통시장,2130039,200844,452067,11140
202112,R,전통시장,2130230,190200,442460,11530
202112,R,전통시장,2130233,191236,441637,11545
202112,R,전통시장,2130171,193898,456766,11380
202112,R,전통시장,2130305,203037,445602,11680
202112,R,전통시장,2130051,201527,451415,11140
202112,R,전통시장,2130063,201794,450470,11200
202112,R,전통시장,2130054,201781,452132,11140
202112,R,전통시장,2130049,201312,451472,11140
202112,R,전통시장,2130020,201563,452547,11110
202112,R,전통시장,2130277,192177,442604,11620
202112,R,전통시장,2130207,187114,446821,11470
202112,R,전통시장,2130232,191182,441097,11545
202112,R,전통시장,2130133,201735,460761,11305
202112,R,전통시장,2130253,191748,446722,11560
202112,R,전통시장,2130146,202971,461038,11320
202112,R,전통시장,2130107,206823,454827,11260
202112,R,전통시장,2130132,201716,458372,11305
202112,R,전통시장,2130261,193909,444434,11590
202112,R,전통시장,2130027,198361,451573,11140
202112,R,전통시장,2130287,194005,441251,11620
202112,R,전통시장,2130080,206753,448044,11215
202112,R,전통시장,2130105,206713,456102,11260
202112,R,전통시장,2130075,205730,448565,11215
202112,R,전통시장,2130044,201033,452058,11140
202112,R,전통시장,2130071,204705,449665,11200
202112,R,전통시장,2130118,200862,456992,11290
202112,R,전통시장,2130123,204113,457599,11290
202112,R,전통시장,2130242,191001,443407,11560
202112,R,전통시장,2130264,195064,444149,11590
202112,R,전통시장,2130290,194974,442458,11620
202112,R,전통시장,2130282,193029,441104,11620
202112,R,전통시장,2130326,215026,450949,11740
202112,R,전통시장,2130111,207982,454520,11260
202112,R,전통시장,2130012,200719,452328,11110
202112,R,전통시장,2130302,201829,446589,11680
202112,R,전통시장,2130246,191248,446909,11560
202112,R,전통시장,2130028,198407,451838,11140
202112,R,전통시장,2130155,205628,460383,11350
202112,R,전통시장,2130047,201161,452152,11140
202112,R,전통시장,2130037,200183,452177,11140
202112,R,전통시장,2130267,195677,445786,11590
202112,R,전통시장,2130274,198261,442126,11590
202112,R,전통시장,2130084,207830,450949,11215
202112,R,전통시장,2130128,205493,456687,11290
202112,R,전통시장,2130087,203458,453513,11230
202112,R,전통시장,2130276,192172,442656,11620
202112,R,전통시장,2130035,200007,452068,11140
202112,R,전통시장,2130041,200966,452206,11140
202112,R,전통시장,2130120,201400,454692,11290
202112,R,전통시장,2130273,198258,443208,11590
202112,R,전통시장,2130135,201871,460125,11305
202112,R,전통시장,2130236,191400,439772,11545
202112,R,전통시장,2130315,210995,443324,11710
202112,R,전통시장,2130177,194989,454596,11410
202112,R,전통시장,2130007,199990,452262,11110
202112,R,전통시장,2130208,188088,449925,11470
202112,R,전통시장,2130069,203551,451116,11200
202112,R,전통시장,2130165,192693,454170,11380
202112,R,전통시장,2130137,201996,459067,11305
202112,R,전통시장,2130200,185247,447063,11470
202112,R,전통시장,2130055,201918,451937,11140
202112,R,전통시장,2130038,200518,452137,11140
202112,R,전통시장,2130221,187677,448185,11500
202112,R,전통시장,2130083,207176,451590,11215
202112,R,전통시장,2130224,186841,444744,11530
202112,R,전통시장,2130024,198054,451102,11140
202112,R,전통시장,2130022,197888,451107,11140
202112,R,전통시장,2130103,205835,455016,11230
202112,R,전통시장,2130235,191353,439353,11545
202112,R,전통시장,2130100,205150,452705,11230
202112,R,전통시장,2130094,203769,453380,11230
202112,R,전통시장,2130201,185339,448182,11470
202112,R,전통시장,2130307,204562,444257,11680
202112,R,전통시장,2130322,211756,449197,11740
202112,R,전통시장,2130148,203098,462822,11320
202112,R,전통시장,2130317,213353,444339,11710
202112,R,전통시장,2130257,192077,446674,11560
202112,R,전통시장,2130293,195987,442760,11620
202112,R,전통시장,2130032,199561,451530,11140
202112,R,전통시장,2130158,206453,462378,11350
202112,R,전통시장,2130291,195084,442421,11620
202112,R,전통시장,2130182,196564,452315,11410
202112,R,전통시장,2130210,188785,449638,11470
202112,R,전통시장,2130129,201258,460617,11305
202112,R,전통시장,2130015,201024,452654,11110
202112,R,전통시장,2130262,194436,444784,11590
202112,R,전통시장,2130130,201415,459639,11305
202112,R,전통시장,2130008,200100,452372,11110
202112,R,전통시장,2130114,208551,454672,11260
202112,R,전통시장,2130216,185782,448354,11500
202112,R,전통시장,2130252,191712,446425,11560
202112,R,전통시장,2130086,203326,453648,11230
202112,R,전통시장,2130056,196484,448547,11170
202112,R,전통시장,2130053,201740,451599,11140
202112,R,전통시장,2130204,186045,447233,11470
202112,R,전통시장,2130318,211245,448845,11740
202112,R,전통시장,2130285,193661,442566,11620
202112,R,전통시장,2130104,206063,453092,11230
202112,R,전통시장,2130243,191025,445602,11560
202112,R,전통시장,2130004,198941,452580,11110
202112,R,전통시장,2130250,191664,446741,11560
202112,R,전통시장,2130072,204707,451601,11200
202112,R,전통시장,2130212,183103,451507,11500
202112,R,전통시장,2130281,192957,441206,11620
202112,R,전통시장,2130314,210600,448635,11710
202112,R,전통시장,2130312,209490,444553,11710
202112,R,전통시장,2130304,202511,448086,11680
202112,R,전통시장,2130179,195143,450966,11410
202112,R,전통시장,2130078,206105,449305,11215
202112,R,전통시장,2130289,194551,442935,11620
202112,R,전통시장,2130102,205523,456115,11230
202112,R,전통시장,2130058,197769,446791,11170
202112,R,전통시장,2130057,196785,450197,11170
202112,R,전통시장,2130237,191603,437869,11545
202112,R,전통시장,2130259,192723,445735,11560
202112,R,전통시장,2130306,203788,445046,11680
202112,R,전통시장,2130323,211872,447600,11740
202112,R,전통시장,2130127,205333,456599,11290
202112,R,전통시장,2130014,200977,452332,11110
202112,R,전통시장,2130106,206773,454745,11260
202112,R,전통시장,2130064,201973,449892,11200
202112,R,전통시장,2130150,203449,459885,11320
202112,R,전통시장,2130300,200681,445274,11650
202112,R,전통시장,2130121,201944,455945,11290
202112,R,전통시장,2130097,204745,452030,11230
202112,R,전통시장,2130268,195759,444396,11590
202112,R,전통시장,2130292,195274,443010,11620
202112,R,전통시장,2130303,202135,445507,11680
202112,R,전통시장,2130134,201747,457750,11305
202112,R,전통시장,2130163,192525,454375,11380
202112,R,전통시장,2130223,186713,444752,11530
202112,R,전통시장,2130101,205166,451959,11230
202112,R,전통시장,2130298,200416,445175,11650
202112,R,전통시장,2130169,193522,456699,11380
202112,R,전통시장,2130247,191602,444136,11560
202112,R,전통시장,2130160,190730,453725,11380
202112,R,전통시장,2130074,205645,448742,11215
202112,R,전통시장,2130067,203014,451622,11200
202112,R,전통시장,2130192,193534,451422,11440
202112,R,전통시장,2130215,185550,449472,11500
202112,R,전통시장,2130198,195929,450737,11440
202112,R,전통시장,2130010,200442,452315,11110
202112,R,전통시장,2130109,207094,457452,11260
202112,R,전통시장,2130280,192659,442799,11620
202112,R,전통시장,2130256,191953,445183,11560
202112,R,전통시장,2130013,200946,452268,11110
202112,R,전통시장,2130271,197572,442683,11590
202112,R,전통시장,2130070,204353,449873,11200
202112,R,전통시장,2130251,191688,446715,11560
202112,R,전통시장,2130279,192641,442985,11620
202112,R,전통시장,2130229,190022,443413,11530
202112,R,전통시장,2130061,199054,448266,11170
202112,R,전통시장,2130034,199691,451146,11140
202112,R,전통시장,2130046,201158,452032,11140
202112,R,전통시장,2130270,196727,445276,11590
202112,R,전통시장,2130151,203673,463403,11320
202112,R,전통시장,2130188,192329,449860,11440
202112,R,전통시장,2130301,203393,442740,11650
202112,R,전통시장,2130206,187023,446573,11470
202112,R,전통시장,2130062,200033,447504,11170
202112,R,전통시장,2130122,203136,456581,11290
202112,R,전통시장,2130040,200955,452180,11140
202112,R,전통시장,2130284,193636,442462,11620
202112,R,전통시장,2130269,195874,444157,11590
202112,R,전통시장,2130023,198044,451265,11140
202112,R,전통시장,2130156,205788,460415,11350
202112,R,전통시장,2130045,201058,452126,11140
202112,R,전통시장,2130176,194969,454672,11410
202112,R,전통시장,2130017,201176,452273,11110
202112,R,전통시장,2130175,194449,450774,11410
202112,R,전통시장,2130205,186083,446523,11470
202112,R,전통시장,2130209,188190,448701,11470
202112,R,전통시장,2130081,207022,448285,11215
202112,R,전통시장,2130036,200025,451782,11140
202112,R,전통시장,2130093,203658,453368,11230
202112,R,전통시장,2130234,191280,442075,11545
202112,R,전통시장,2130295,196951,441612,11620
202112,R,전통시장,2130172,192510,452277,11410
202112,R,전통시장,2130286,193986,441259,11620
202112,R,전통시장,2130139,202325,460278,11305
202112,R,전통시장,2130214,185436,449999,11500
202112,R,전통시장,2130052,201657,451936,11140
202112,R,전통시장,2130110,207552,453227,11260
202112,R,전통시장,2130227,187936,444885,11530
202112,R,전통시장,2130288,194171,441684,11620
202112,R,전통시장,2130162,192204,454336,11380
202112,R,전통시장,2130272,197801,442618,11590
202112,R,전통시장,2130239,190380,447046,11560
202112,R,전통시장,2130115,208596,455354,11260
202112,R,전통시장,2130143,202931,457016,11305
202112,R,전통시장,2130029,198672,451263,11140
202112,R,전통시장,2130248,191613,446087,11560
202112,R,전통시장,2130042,200980,450371,11140
202112,R,전통시장,2130238,192045,439138,11545
202112,R,전통시장,2130219,186511,448114,11500
202112,R,전통시장,2130068,203462,452281,11200
202112,R,전통시장,2130226,187869,444935,11530
202112,R,전통시장,2130119,201050,455910,11290
202112,R,전통시장,2130325,212843,449985,11740
202112,R,전통시장,2130159,206702,458080,11350
202112,R,전통시장,2130090,203593,453339,11230
202112,R,전통시장,2130142,202686,459632,11305
202112,R,전통시장,2130085,202628,453213,11230
202112,R,전통시장,2130050,201327,452228,11140
202112,R,전통시장,2130170,193766,456714,11380
202112,R,전통시장,2130092,203620,453450,11230
202112,R,전통시장,2130099,205011,453130,11230
202112,U,관광특구,1001492,198397,451624,11140
202112,U,관광특구,1001493,200974,451975,11140
202112,U,관광특구,1001494,199768,452273,11110
202112,U,관광특구,1001495,210191,446339,11710
202112,U,관광특구,1001496,205310,445727,11680
202112,U,관광특구,1001491,199503,448326,11170
