기준_년_코드,기준_분기_코드,상권_코드,월_평균_소득_금액,지출_총금액
2021,4,2110001,4305934.0,520427635.0
2021,4,2110002,3463885.0,232465205.0
2021,4,2110003,3548020.0,1349699230.0
2021,4,2110004,2644953.0,712772785.0
2021,4,2110005,3703145.0,884701599.0
2021,4,2110006,3963935.0,267177363.0
2021,4,2110007,2783752.0,1357989746.0
2021,4,2110008,3422580.0,2746062777.0
2021,4,2110009,3734312.0,982492942.0
2021,4,2110010,4661066.0,2243586695.0
2021,4,2110011,4350843.0,284960476.0
2021,4,2110012,5415706.0,1224738411.0
2021,4,2110013,3698509.0,190109278.0
2021,4,2110014,5290159.0,246628270.0
2021,4,2110015,3980058.0,340654450.0
2021,4,2110016,4907057.0,1635958594.0
2021,4,2110017,3986047.0,488287266.0
2021,4,2110018,3435639.0,1569319603.0
2021,4,2110019,2496875.0,266124846.0
2021,4,2110020,2763377.0,1893277180.0
2021,4,2110021,2901248.0,1062083531.0
2021,4,2110022,3500952.0,879563907.0
2021,4,2110023,3435358.0,430124011.0
2021,4,2110024,3655720.0,526235130.0
2021,4,2110025,2770370.0,232818153.0
2021,4,2110026,2729503.0,76260454.0
2021,4,2110027,2829725.0,1443674534.0
2021,4,2110028,2452034.0,2099016363.0
2021,4,2110029,2118290.0,2352986552.0
2021,4,2110030,2095332.0,202754119.0
2021,4,2110031,2244368.0,173868489.0
2021,4,2110032,1616161.0,37011348.0
2021,4,2110033,2177870.0,771111000.0
2021,4,2110034,960234.0,212483540.0
2021,4,2110035,2249772.0,1867544638.0
2021,4,2110036,2523571.0,173906013.0
2021,4,2110037,2191167.0,969598430.0
2021,4,2110038,4672774.0,120364348.0
2021,4,2110039,1988593.0,57559772.0
2021,4,2110040,2602532.0,1230137661.0
2021,4,2110041,2435163.0,597007525.0
2021,4,2110042,3048144.0,1228216215.0
2021,4,2110043,2719005.0,1564568535.0
2021,4,2110044,2811896.0,178946367.0
2021,4,2110045,2461119.0,354161658.0
2021,4,2110046,2432975.0,2189269535.0
2021,4,2110047,2759072.0,1195911920.0
2021,4,2110048,2987643.0,1413011253.0
2021,4,2110049,2908231.0,1079848128.0
2021,4,2110050,2711843.0,793450199.0
2021,4,2110051,2461144.0,667566496.0
2021,4,2110052,2391211.0,797341566.0
2021,4,2110053,2240230.0,975466676.0
2021,4,2110054,3180319.0,2007417767.0
2021,4,2110055,2774287.0,183778794.0
2021,4,2110056,2363531.0,2345870071.0
2021,4,2110057,3108300.0,995897832.0
2021,4,2110058,2876348.0,2194575007.0
2021,4,2110059,3266131.0,1460700558.0
2021,4,2110060,2814872.0,1779795689.0
2021,4,2110061,2978107.0,2000862980.0
2021,4,2110062,2751618.0,776318976.0
2021,4,2110063,3009124.0,1162886145.0
2021,4,2110064,3212496.0,1617004489.0
2021,4,2110065,2695366.0,115479057.0
2021,4,2110066,2445166.0,1451433018.0
2021,4,2110067,2690898.0,4042325194.0
2021,4,2110068,3421319.0,1394945162.0
2021,4,2110069,2598804.0,2091408330.0
2021,4,2110070,3782576.0,126079583.0
2021,4,2110071,5000410.0,160286532.0
2021,4,2110072,1916818.0,164351561.0
2021,4,2110073,3695599.0,171521415.0
2021,4,2110074,2767773.0,1534781017.0
2021,4,2110075,2701582.0,1617334839.0
2021,4,2110076,2029858.0,12729189.0
2021,4,2110077,2851272.0,701686243.0
2021,4,2110078,6369714.0,280907628.0
2021,4,2110079,3120023.0,5816513606.0
2021,4,2110080,2584702.0,1988754967.0
2021,4,2110081,2557337.0,1722026054.0
2021,4,2110082,2938264.0,793578005.0
2021,4,2110083,2562932.0,458293529.0
2021,4,2110084,2758336.0,1886525027.0
2021,4,2110085,2989603.0,2188939195.0
2021,4,2110086,4245328.0,1170012718.0
2021,4,2110087,2514158.0,738082090.0
2021,4,2110088,2872106.0,1192315963.0
2021,4,2110089,2639094.0,1615979283.0
2021,4,2110090,3058691.0,1346925170.0
2021,4,2110091,5476727.0,285909396.0
2021,4,2110092,2446122.0,1781029608.0
2021,4,2110093,2779231.0,3403698511.0
2021,4,2110094,2253555.0,159791487.0
2021,4,2110095,4333636.0,1514634303.0
2021,4,2110096,3690545.0,694524729.0
2021,4,2110097,3563241.0,270829508.0
2021,4,2110098,3218904.0,237450148.0
2021,4,2110099,5729183.0,1353322823.0
2021,4,2110100,3725375.0,196356024.0
2021,4,2110101,3704479.0,416897845.0
2021,4,2110102,4677763.0,252903110.0
2021,4,2110103,2217563.0,194443882.0
2021,4,2110104,2611311.0,1928005256.0
2021,4,2110105,2375347.0,1619463514.0
2021,4,2110106,2365668.0,448847476.0
2021,4,2110107,2369658.0,216936515.0
2021,4,2110109,2494346.0,209484211.0
2021,4,2110110,2723533.0,1025524033.0
2021,4,2110111,2117173.0,756269616.0
2021,4,2110112,2594867.0,1692234915.0
2021,4,2110113,2938811.0,789172732.0
2021,4,2110114,3021812.0,319484780.0
2021,4,2110115,2609932.0,909916791.0
2021,4,2110116,2337287.0,1029149453.0
2021,4,2110117,2205692.0,524998968.0
2021,4,2110118,4145184.0,515886079.0
2021,4,2110119,2189933.0,141386425.0
2021,4,2110120,3117377.0,565691515.0
2021,4,2110121,2656203.0,451382057.0
2021,4,2110122,2622957.0,569859649.0
2021,4,2110123,2483218.0,1068633264.0
2021,4,2110124,2380327.0,426644891.0
2021,4,2110125,2479480.0,2207499924.0
2021,4,2110126,2804700.0,397341358.0
2021,4,2110127,3016480.0,153848864.0
2021,4,2110128,2550619.0,4070992102.0
2021,4,2110129,3035522.0,536029154.0
2021,4,2110130,2237845.0,821791392.0
2021,4,2110131,2619989.0,1602323628.0
2021,4,2110132,2818946.0,952107247.0
2021,4,2110133,2556713.0,522124617.0
2021,4,2110134,2610920.0,2936426722.0
2021,4,2110135,2546191.0,453428765.0
2021,4,2110136,2658985.0,1330547106.0
2021,4,2110137,3333473.0,1510657423.0
2021,4,2110138,2292404.0,1285313918.0
2021,4,2110139,2460503.0,1598822707.0
2021,4,2110140,2631118.0,3143153809.0
2021,4,2110141,2278149.0,956074750.0
2021,4,2110142,2461504.0,2113204735.0
2021,4,2110143,4495302.0,57752019.0
2021,4,2110144,2464836.0,867862648.0
2021,4,2110145,2412558.0,299544000.0
2021,4,2110146,2612839.0,1506488855.0
2021,4,2110147,2462116.0,3195168079.0
2021,4,2110148,2420560.0,657325391.0
2021,4,2110149,2791486.0,594089068.0
2021,4,2110150,2480827.0,2331626455.0
2021,4,2110151,2492225.0,2108821996.0
2021,4,2110152,2379861.0,731359996.0
2021,4,2110153,2633251.0,1118735342.0
2021,4,2110154,2485986.0,2185328256.0
2021,4,2110155,2754211.0,1783791264.0
2021,4,2110156,2842723.0,2858750912.0
2021,4,2110157,2628698.0,2938866512.0
2021,4,2110158,2363691.0,2796479673.0
2021,4,2110159,2554466.0,4163589289.0
2021,4,2110160,2586461.0,763674113.0
2021,4,2110161,2352469.0,2220720664.0
2021,4,2110162,2725708.0,1745042930.0
2021,4,2110163,2729470.0,1416070069.0
2021,4,2110164,2952316.0,1624780317.0
2021,4,2110165,2491181.0,2118468606.0
2021,4,2110166,2694438.0,2785503416.0
2021,4,2110167,2525705.0,3247635962.0
2021,4,2110168,2744475.0,1473853037.0
2021,4,2110169,2917612.0,1137499144.0
2021,4,2110170,2547915.0,2972668657.0
2021,4,2110171,2387003.0,1110794278.0
2021,4,2110172,2705848.0,1941841534.0
2021,4,2110173,2880147.0,681804638.0
2021,4,2110174,2557575.0,2405017585.0
2021,4,2110175,2714354.0,2961500469.0
2021,4,2110176,2364587.0,2599200823.0
2021,4,2110177,2477720.0,915483682.0
2021,4,2110178,3096039.0,673639856.0
2021,4,2110179,3221582.0,541151682.0
2021,4,2110180,3734781.0,1133162572.0
2021,4,2110181,2955207.0,764263688.0
2021,4,2110182,2933388.0,553020948.0
2021,4,2110183,2351231.0,258452133.0
2021,4,2110184,2982927.0,293390454.0
2021,4,2110185,2387871.0,299199134.0
2021,4,2110186,2656928.0,187169059.0
2021,4,2110187,2668899.0,2359352532.0
2021,4,2110188,2865719.0,2004731053.0
2021,4,2110189,2805673.0,1271809951.0
2021,4,2110190,2687784.0,1219156729.0
2021,4,2110191,2287115.0,676581689.0
2021,4,2110192,2950934.0,106963747.0
2021,4,2110193,2387752.0,864173287.0
2021,4,2110194,2390013.0,784169432.0
2021,4,2110195,2427681.0,1966921709.0
2021,4,2110196,2085846.0,534415827.0
2021,4,2110197,2650093.0,273845661.0
2021,4,2110198,1811679.0,72117087.0
2021,4,2110199,2100044.0,603355743.0
2021,4,2110200,2419060.0,484974900.0
2021,4,2110201,2140881.0,221045467.0
2021,4,2110202,2128297.0,343163332.0
2021,4,2110203,2494473.0,832921974.0
2021,4,2110204,2670116.0,1487270554.0
2021,4,2110205,2712225.0,1340587476.0
2021,4,2110206,2403881.0,1650193969.0
2021,4,2110207,2273547.0,451116632.0
2021,4,2110208,2625208.0,369532496.0
2021,4,2110209,2349901.0,290747659.0
2021,4,2110210,2521751.0,1657454374.0
2021,4,2110211,2554360.0,1598657545.0
2021,4,2110212,2236709.0,732844534.0
2021,4,2110213,2435931.0,370015601.0
2021,4,2110214,2733803.0,1062303524.0
2021,4,2110215,2486293.0,759045970.0
2021,4,2110216,2293630.0,616734755.0
2021,4,2110217,2349929.0,630665293.0
2021,4,2110218,2226843.0,1197403054.0
2021,4,2110219,2373723.0,3112290104.0
2021,4,2110220,2267727.0,1052784773.0
2021,4,2110221,2325126.0,792796632.0
2021,4,2110222,1638086.0,64405508.0
2021,4,2110223,2596859.0,691772947.0
2021,4,2110224,2094134.0,479081821.0
2021,4,2110225,2167292.0,608524074.0
2021,4,2110226,2382886.0,5513795995.0
2021,4,2110227,2308023.0,329706355.0
2021,4,2110228,2139784.0,2459321483.0
2021,4,2110229,2772668.0,3867383324.0
2021,4,2110230,2676850.0,1606983224.0
2021,4,2110231,2219760.0,154717034.0
2021,4,2110232,2615495.0,1496916254.0
2021,4,2110233,2184889.0,2099117197.0
2021,4,2110234,2799471.0,533976463.0
2021,4,2110235,2187875.0,540803649.0
2021,4,2110236,2306244.0,4101752581.0
2021,4,2110237,2246608.0,1798296072.0
2021,4,2110238,2245554.0,494310950.0
2021,4,2110239,2062606.0,102060504.0
2021,4,2110240,2203641.0,452109710.0
2021,4,2110241,2174657.0,1169696735.0
2021,4,2110242,2262595.0,1548084171.0
2021,4,2110243,2255494.0,2245670405.0
2021,4,2110244,2396955.0,648060114.0
2021,4,2110245,2208074.0,823774016.0
2021,4,2110246,2485820.0,1582494821.0
2021,4,2110247,2438186.0,3027505272.0
2021,4,2110248,2331387.0,701632349.0
2021,4,2110249,2277246.0,2996600695.0
2021,4,2110250,2376236.0,837452361.0
2021,4,2110251,2256373.0,1956561058.0
2021,4,2110252,2187656.0,1609159460.0
2021,4,2110253,2211948.0,1319802527.0
2021,4,2110254,2447123.0,3064842846.0
2021,4,2110255,2284611.0,3384168997.0
2021,4,2110256,2230858.0,3381807066.0
2021,4,2110257,2321066.0,1915817542.0
2021,4,2110258,2284233.0,2427790906.0
2021,4,2110259,2200617.0,1689907663.0
2021,4,2110260,2329447.0,1131088424.0
2021,4,2110261,2301363.0,2049190973.0
2021,4,2110262,2475552.0,1871263107.0
2021,4,2110263,2295940.0,3031564949.0
2021,4,2110264,2323249.0,4528599068.0
2021,4,2110265,2167255.0,566665128.0
2021,4,2110266,2281476.0,2303386088.0
2021,4,2110267,2770345.0,2104376139.0
2021,4,2110268,2283232.0,1193651496.0
2021,4,2110269,2144758.0,559965390.0
2021,4,2110270,2375124.0,507501588.0
2021,4,2110271,2478703.0,248644769.0
2021,4,2110272,2482049.0,1698895571.0
2021,4,2110273,2081198.0,1024587505.0
2021,4,2110274,2260054.0,3038319662.0
2021,4,2110275,2135176.0,373962029.0
2021,4,2110276,2575817.0,532575479.0
2021,4,2110277,2189764.0,2029877252.0
2021,4,2110278,2076815.0,1703577835.0
2021,4,2110279,2192931.0,49034614.0
2021,4,2110280,3358357.0,472892235.0
2021,4,2110281,5608226.0,850269857.0
2021,4,2110282,2787829.0,854374378.0
2021,4,2110283,3079970.0,186734062.0
2021,4,2110284,2304677.0,1235665183.0
2021,4,2110285,2803411.0,954339972.0
2021,4,2110286,3034823.0,938905625.0
2021,4,2110287,2548592.0,653136039.0
2021,4,2110288,3002659.0,757952652.0
2021,4,2110289,2383788.0,2386560843.0
2021,4,2110290,2464893.0,757215894.0
2021,4,2110291,2438553.0,1889956539.0
2021,4,2110292,2317474.0,220628352.0
2021,4,2110293,2837982.0,853617494.0
2021,4,2110294,2391535.0,3660078558.0
2021,4,2110295,2485474.0,2411285496.0
2021,4,2110296,2607015.0,1285530434.0
2021,4,2110297,2576371.0,2444848004.0
2021,4,2110298,2812484.0,343629174.0
2021,4,2110299,2277412.0,1538894506.0
2021,4,2110300,2475089.0,1866589661.0
2021,4,2110301,2565802.0,1890630343.0
2021,4,2110302,2289073.0,1121577415.0
2021,4,2110303,2485137.0,1248500863.0
2021,4,2110304,2783152.0,1298302405.0
2021,4,2110305,2655140.0,2192021130.0
2021,4,2110306,2549976.0,414264830.0
2021,4,2110307,4793914.0,1066063312.0
2021,4,2110308,2326007.0,674164139.0
2021,4,2110309,2571235.0,592424353.0
2021,4,2110310,1367771.0,25871238.0
2021,4,2110311,2464955.0,921453935.0
2021,4,2110312,2909635.0,630137365.0
2021,4,2110313,2968099.0,598267418.0
2021,4,2110314,2228729.0,605001037.0
2021,4,2110315,2485557.0,1492627885.0
2021,4,2110316,2338258.0,1480103399.0
2021,4,2110317,2653385.0,849284949.0
2021,4,2110318,2455269.0,598604830.0
2021,4,2110319,2499023.0,1269724257.0
2021,4,2110320,2759874.0,423302361.0
2021,4,2110321,2291672.0,225877157.0
2021,4,2110322,2248073.0,1269569146.0
2021,4,2110323,2305196.0,830827248.0
2021,4,2110324,2352117.0,217347427.0
2021,4,2110325,2308140.0,1370825532.0
2021,4,2110326,2403594.0,701189960.0
2021,4,2110327,2238484.0,1524825637.0
2021,4,2110328,2412843.0,947827164.0
2021,4,2110329,2267303.0,1185773622.0
2021,4,2110330,2343085.0,867579842.0
2021,4,2110331,2202701.0,1054314080.0
2021,4,2110332,2494905.0,349927022.0
2021,4,2110333,2417894.0,565279510.0
2021,4,2110334,2155704.0,930124441.0
2021,4,2110335,2308757.0,1558580910.0
2021,4,2110336,2178041.0,875846109.0
2021,4,2110337,2528971.0,1500530983.0
2021,4,2110338,2331183.0,631197861.0
2021,4,2110339,3122954.0,242128205.0
2021,4,2110340,2274868.0,856550736.0
2021,4,2110341,2497040.0,1054827745.0
2021,4,2110342,2206361.0,1361805576.0
2021,4,2110343,2229046.0,2282052450.0
2021,4,2110344,2202777.0,603672511.0
2021,4,2110345,2316077.0,1497479873.0
2021,4,2110346,2183976.0,555717873.0
2021,4,2110347,2164942.0,759010571.0
2021,4,2110348,2285224.0,1530865675.0
2021,4,2110349,2198275.0,583185740.0
2021,4,2110350,2197906.0,1300588720.0
2021,4,2110351,2242697.0,1502999349.0
2021,4,2110352,2182479.0,2464493386.0
2021,4,2110353,2333462.0,1146015364.0
2021,4,2110354,2149340.0,85006711.0
2021,4,2110355,2098159.0,1242161918.0
2021,4,2110356,2224322.0,1642141145.0
2021,4,2110357,2393561.0,509205185.0
2021,4,2110358,2331835.0,2051258165.0
2021,4,2110359,2204527.0,3082552031.0
2021,4,2110360,2228528.0,1912414594.0
2021,4,2110361,2173601.0,1237340388.0
2021,4,2110362,2212728.0,2897915430.0
2021,4,2110363,2273144.0,255431586.0
2021,4,2110364,2211506.0,2608503271.0
2021,4,2110365,2269545.0,2349648986.0
2021,4,2110366,2224408.0,981951695.0
2021,4,2110367,2018121.0,777193789.0
2021,4,2110368,2136889.0,1203706392.0
2021,4,2110369,2306067.0,2364080184.0
2021,4,2110370,2222390.0,1473070753.0
2021,4,2110371,2278814.0,618873152.0
2021,4,2110372,2231156.0,1490028427.0
2021,4,2110373,2122729.0,1176789052.0
2021,4,2110374,2322721.0,2474198854.0
2021,4,2110375,2096594.0,1293756385.0
2021,4,2110376,2210454.0,3082763407.0
2021,4,2110377,2210793.0,273348242.0
2021,4,2110378,2268326.0,655870384.0
2021,4,2110379,2366995.0,305409557.0
2021,4,2110380,2110028.0,1215673984.0
2021,4,2110381,2342222.0,142115105.0
2021,4,2110382,2498585.0,358645932.0
2021,4,2110383,2376945.0,416189251.0
2021,4,2110384,2377276.0,443680737.0
2021,4,2110385,2103159.0,690056177.0
2021,4,2110386,2243274.0,98758694.0
2021,4,2110387,2167159.0,2248387831.0
2021,4,2110388,2453133.0,1235298127.0
2021,4,2110389,2192840.0,497399072.0
2021,4,2110390,2286202.0,988110073.0
2021,4,2110391,2150437.0,2912706898.0
2021,4,2110392,2662086.0,52282634.0
2021,4,2110393,2063225.0,113699520.0
2021,4,2110394,2100299.0,2549138260.0
2021,4,2110395,2160780.0,757605677.0
2021,4,2110396,2215469.0,829852156.0
2021,4,2110397,2116417.0,3643686559.0
2021,4,2110398,2298262.0,1819690074.0
2021,4,2110399,2242089.0,3915564598.0
2021,4,2110400,2357705.0,2032310121.0
2021,4,2110401,2232988.0,330515675.0
2021,4,2110402,2178408.0,1220928186.0
2021,4,2110403,2238058.0,2814853314.0
2021,4,2110404,2152033.0,4575473890.0
2021,4,2110405,2190786.0,2624670453.0
2021,4,2110406,2402727.0,916571273.0
2021,4,2110407,2144658.0,2841105577.0
2021,4,2110408,2329428.0,688519568.0
2021,4,2110409,3924200.0,1524699842.0
2021,4,2110410,2399727.0,1221303420.0
2021,4,2110411,2208151.0,986521151.0
2021,4,2110412,2310091.0,131058178.0
2021,4,2110413,2895901.0,416370943.0
2021,4,2110414,2125714.0,376066822.0
2021,4,2110415,2395121.0,2421641372.0
2021,4,2110416,2980894.0,1190706045.0
2021,4,2110417,2254999.0,672823426.0
2021,4,2110418,2408680.0,675653375.0
2021,4,2110419,3373294.0,1594271352.0
2021,4,2110420,2502521.0,670076679.0
2021,4,2110421,2616617.0,507125133.0
2021,4,2110422,3236194.0,360285703.0
2021,4,2110423,3542119.0,230638052.0
2021,4,2110424,2662173.0,1409427751.0
2021,4,2110425,2120644.0,2068987842.0
2021,4,2110426,2375155.0,1683076604.0
2021,4,2110427,3298315.0,257987000.0
2021,4,2110428,2115642.0,4320297038.0
2021,4,2110429,2416639.0,3458154690.0
2021,4,2110430,3012631.0,248282075.0
2021,4,2110431,2493812.0,814896522.0
2021,4,2110432,2597976.0,1337588824.0
2021,4,2110433,2293085.0,1694131123.0
2021,4,2110434,2388077.0,1025442362.0
2021,4,2110435,2618149.0,205090696.0
2021,4,2110436,3256494.0,568646574.0
2021,4,2110437,2341393.0,928646355.0
2021,4,2110438,2478630.0,1682589269.0
2021,4,2110439,2128254.0,2303954671.0
2021,4,2110440,2106325.0,1279028854.0
2021,4,2110441,2569685.0,1248087813.0
2021,4,2110442,3138785.0,127498947.0
2021,4,2110443,1703158.0,231287258.0
2021,4,2110444,2820846.0,290237508.0
2021,4,2110445,2380168.0,680783834.0
2021,4,2110446,2725508.0,785822905.0
2021,4,2110447,2362179.0,904591289.0
2021,4,2110448,2428645.0,1175013262.0
2021,4,2110449,2693115.0,2688800043.0
2021,4,2110450,2414878.0,5160830693.0
2021,4,2110451,2621044.0,2726938185.0
2021,4,2110452,2524970.0,1519935157.0
2021,4,2110453,2394634.0,4577454908.0
2021,4,2110454,2358860.0,3348535041.0
2021,4,2110455,2441671.0,4202088926.0
2021,4,2110456,2427862.0,4435130095.0
2021,4,2110457,2512831.0,2371910766.0
2021,4,2110458,2430493.0,3169589936.0
2021,4,2110459,2580642.0,2443344037.0
2021,4,2110460,2494945.0,2958982327.0
2021,4,2110461,2369514.0,647299819.0
2021,4,2110462,2305155.0,3343641185.0
2021,4,2110463,2413858.0,782559944.0
2021,4,2110464,2524403.0,2271229117.0
2021,4,2110465,2547694.0,1263520124.0
2021,4,2110466,2420538.0,2330242228.0
2021,4,2110467,2605069.0,472580441.0
2021,4,2110468,2515767.0,6121250119.0
2021,4,2110469,2217484.0,2496656981.0
2021,4,2110470,2627741.0,950451910.0
2021,4,2110471,2369026.0,1729040209.0
2021,4,2110472,2503239.0,3148140436.0
2021,4,2110473,2461386.0,5397451982.0
2021,4,2110474,2306689.0,2187696581.0
2021,4,2110475,2425625.0,1609430898.0
2021,4,2110476,2453248.0,630550309.0
2021,4,2110477,2545658.0,1609917864.0
2021,4,2110478,2465869.0,1308026182.0
2021,4,2110479,2271448.0,1249512237.0
2021,4,2110480,2460537.0,1382951317.0
2021,4,2110481,2576565.0,1693929455.0
2021,4,2110482,2331459.0,597957977.0
2021,4,2110483,2492233.0,1308562950.0
2021,4,2110484,2475880.0,4465018186.0
2021,4,2110485,2378917.0,990849774.0
2021,4,2110486,2714004.0,1427236216.0
2021,4,2110487,2376916.0,397939335.0
2021,4,2110488,2585626.0,1535018049.0
2021,4,2110489,2416045.0,750876148.0
2021,4,2110490,2479790.0,2762002725.0
2021,4,2110491,2501781.0,968409310.0
2021,4,2110492,5299893.0,133057321.0
2021,4,2110493,2489235.0,696634575.0
2021,4,2110494,2556605.0,409561905.0
2021,4,2110495,2540629.0,3476255525.0
2021,4,2110496,2402041.0,1186587688.0
2021,4,2110497,2003514.0,28572482.0
2021,4,2110498,2356604.0,1676282677.0
2021,4,2110499,2352715.0,3355131084.0
2021,4,2110500,3957415.0,276395860.0
2021,4,2110501,2785400.0,814472757.0
2021,4,2110502,2411667.0,1307591031.0
2021,4,2110503,2348240.0,2142956098.0
2021,4,2110504,2399819.0,393717007.0
2021,4,2110505,2302198.0,84130787.0
2021,4,2110506,2635293.0,273141606.0
2021,4,2110507,2422877.0,3208429724.0
2021,4,2110508,4026929.0,2041211012.0
2021,4,2110509,3401764.0,1988520163.0
2021,4,2110510,2553423.0,579244468.0
2021,4,2110511,3385048.0,2252287745.0
2021,4,2110512,2596071.0,1816870268.0
2021,4,2110513,3654882.0,829313614.0
2021,4,2110514,3168541.0,1410195103.0
2021,4,2110515,2516679.0,1588500871.0
2021,4,2110516,2571157.0,872241513.0
2021,4,2110517,3962619.0,664386112.0
2021,4,2110518,3332252.0,218276244.0
2021,4,2110519,2604493.0,1936287261.0
2021,4,2110520,2852631.0,701982609.0
2021,4,2110521,2398698.0,400180468.0
2021,4,2110522,2474552.0,814810804.0
2021,4,2110523,2539653.0,332600177.0
2021,4,2110524,4710428.0,214776977.0
2021,4,2110525,2675378.0,207280908.0
2021,4,2110526,3639377.0,1211255537.0
2021,4,2110527,2400303.0,1683762981.0
2021,4,2110528,2309704.0,528059492.0
2021,4,2110529,2323876.0,1344013857.0
2021,4,2110530,2292774.0,176982449.0
2021,4,2110531,2443784.0,230319754.0
2021,4,2110532,2582176.0,1429461035.0
2021,4,2110533,2257463.0,687237101.0
2021,4,2110534,3010807.0,749839709.0
2021,4,2110535,2575065.0,729661119.0
2021,4,2110536,2951104.0,310168417.0
2021,4,2110537,3736219.0,478740137.0
2021,4,2110538,4205854.0,51305691.0
2021,4,2110539,2803970.0,88275924.0
2021,4,2110540,2791664.0,1530480813.0
2021,4,2110541,2668008.0,2541951301.0
2021,4,2110542,2828296.0,3034514672.0
2021,4,2110543,2833001.0,539449865.0
2021,4,2110544,2648749.0,6703960241.0
2021,4,2110545,3094102.0,1071004339.0
2021,4,2110546,2648245.0,1437192166.0
2021,4,2110547,3056367.0,1319192525.0
2021,4,2110548,2803899.0,1515868625.0
2021,4,2110549,2546398.0,2407542741.0
2021,4,2110550,2887800.0,3611433832.0
2021,4,2110551,2980425.0,2482957085.0
2021,4,2110552,2843088.0,1562373683.0
2021,4,2110553,2689406.0,1965866443.0
2021,4,2110554,2865326.0,2253809542.0
2021,4,2110555,2978321.0,183551134.0
2021,4,2110556,2936350.0,737376114.0
2021,4,2110557,3059877.0,2547081784.0
2021,4,2110558,2634802.0,4489199222.0
2021,4,2110559,3028957.0,1608332864.0
2021,4,2110560,2894200.0,804133940.0
2021,4,2110561,2681386.0,1661226050.0
2021,4,2110562,3100817.0,1851242744.0
2021,4,2110563,3457750.0,434720965.0
2021,4,2110564,2584653.0,483002466.0
2021,4,2110565,2624271.0,951907575.0
2021,4,2110566,3010858.0,1275367845.0
2021,4,2110567,2698023.0,178403782.0
2021,4,2110568,4410594.0,206949637.0
2021,4,2110569,2574890.0,763200240.0
2021,4,2110570,5088849.0,295293442.0
2021,4,2110571,3827322.0,1125675926.0
2021,4,2110572,2708190.0,1235262325.0
2021,4,2110573,2539331.0,210228627.0
2021,4,2110574,2708192.0,73649680.0
2021,4,2110575,2464985.0,784688457.0
2021,4,2110576,3283725.0,419864579.0
2021,4,2110577,3753062.0,366271695.0
2021,4,2110578,2643186.0,899421230.0
2021,4,2110579,3253299.0,786740699.0
2021,4,2110580,2559201.0,408810730.0
2021,4,2110581,4980975.0,154555275.0
2021,4,2110582,2343771.0,564853555.0
2021,4,2110583,5649294.0,30885043.0
2021,4,2110584,3259482.0,1543871.0
2021,4,2110585,1844644.0,199998259.0
2021,4,2110586,3376482.0,1701297514.0
2021,4,2110587,3155945.0,1288732413.0
2021,4,2110588,2616707.0,1777320045.0
2021,4,2110589,2402717.0,826777934.0
2021,4,2110590,2386264.0,1999968639.0
2021,4,2110591,3859544.0,1074187069.0
2021,4,2110592,2107430.0,748242798.0
2021,4,2110593,2031864.0,2620567323.0
2021,4,2110594,2656014.0,1664135709.0
2021,4,2110595,2331892.0,2931768057.0
2021,4,2110596,2338963.0,1533681197.0
2021,4,2110597,2172799.0,2810766098.0
2021,4,2110598,2120092.0,1866224214.0
2021,4,2110599,2277480.0,1834134698.0
2021,4,2110600,2133773.0,2060229642.0
2021,4,2110601,2257008.0,3647813017.0
2021,4,2110602,1972265.0,616868624.0
2021,4,2110603,2714458.0,118268798.0
2021,4,2110604,2631828.0,2853512970.0
2021,4,2110605,2640225.0,473578453.0
2021,4,2110606,2510538.0,3791510979.0
2021,4,2110607,2232778.0,494492231.0
2021,4,2110608,2403298.0,4184460258.0
2021,4,2110609,2573878.0,1208538886.0
2021,4,2110610,2256096.0,1243778785.0
2021,4,2110611,2548434.0,2729086305.0
2021,4,2110612,2413747.0,4282584029.0
2021,4,2110613,2870879.0,326594452.0
2021,4,2110614,2748227.0,1180582445.0
2021,4,2110615,3367537.0,534129837.0
2021,4,2110616,2724732.0,429491556.0
2021,4,2110617,2540977.0,1326777695.0
2021,4,2110618,2544600.0,3163873864.0
2021,4,2110619,2755402.0,681581709.0
2021,4,2110620,2844642.0,4461261418.0
2021,4,2110621,4805117.0,466891033.0
2021,4,2110622,2844375.0,2239336449.0
2021,4,2110623,4003805.0,26712296.0
2021,4,2110624,2666385.0,1336279100.0
2021,4,2110625,4726243.0,1375426945.0
2021,4,2110626,2844252.0,3531045496.0
2021,4,2110627,3252734.0,1163655145.0
2021,4,2110628,3269416.0,985837844.0
2021,4,2110629,2531294.0,430980014.0
2021,4,2110630,2596503.0,3710915172.0
2021,4,2110631,2563753.0,1978083690.0
2021,4,2110632,2557406.0,828298124.0
2021,4,2110633,2597048.0,172812066.0
2021,4,2110634,2537297.0,4118856855.0
2021,4,2110635,2492762.0,1831198845.0
2021,4,2110636,2995050.0,867480689.0
2021,4,2110637,2632229.0,864496469.0
2021,4,2110638,2832019.0,4255232525.0
2021,4,2110639,2375356.0,2513491534.0
2021,4,2110640,2767319.0,1189594462.0
2021,4,2110641,3054851.0,970947363.0
2021,4,2110642,2165369.0,388225162.0
2021,4,2110643,2491209.0,1782741564.0
2021,4,2110644,2405758.0,506825281.0
2021,4,2110645,2948952.0,3997066045.0
2021,4,2110646,2443980.0,4508267792.0
2021,4,2110647,2521541.0,5300469043.0
2021,4,2110649,3151311.0,1832829872.0
2021,4,2110650,3057975.0,477309731.0
2021,4,2110651,2382209.0,4298124268.0
2021,4,2110652,2966100.0,688804836.0
2021,4,2110653,2609053.0,2587473789.0
2021,4,2110654,2375392.0,9078000782.0
2021,4,2110655,3013435.0,532052675.0
2021,4,2110656,2494042.0,6189713776.0
2021,4,2110657,3478336.0,376718250.0
2021,4,2110658,2423921.0,2195351310.0
2021,4,2110659,2383273.0,11860857850.0
2021,4,2110660,2772852.0,1106728683.0
2021,4,2110661,2586600.0,864492966.0
2021,4,2110662,2410823.0,7833376627.0
2021,4,2110663,3441540.0,1050668642.0
2021,4,2110664,2407646.0,322987925.0
2021,4,2110665,2427281.0,3464119062.0
2021,4,2110666,2313657.0,768977730.0
2021,4,2110667,3370260.0,75937692.0
2021,4,2110668,2432867.0,5561861165.0
2021,4,2110669,2694346.0,615874075.0
2021,4,2110670,2362030.0,4021362820.0
2021,4,2110671,3083840.0,3589347712.0
2021,4,2110672,2635319.0,1623702434.0
2021,4,2110673,2449973.0,2297665475.0
2021,4,2110675,2512111.0,4296812026.0
2021,4,2110676,2866755.0,2118152368.0
2021,4,2110677,3278997.0,486850413.0
2021,4,2110678,3318662.0,422634868.0
2021,4,2110679,3360961.0,470756481.0
2021,4,2110680,2467950.0,1243647721.0
2021,4,2110681,2518564.0,204334891.0
2021,4,2110682,2456132.0,732408080.0
2021,4,2110683,2506114.0,993945758.0
2021,4,2110684,2495168.0,992156603.0
2021,4,2110685,2404705.0,258048655.0
2021,4,2110686,2375099.0,2256531149.0
2021,4,2110687,2623761.0,252729458.0
2021,4,2110688,2341909.0,1944731409.0
2021,4,2110689,2270487.0,1877957107.0
2021,4,2110690,2375616.0,2303174012.0
2021,4,2110691,2272707.0,1228170804.0
2021,4,2110692,2334631.0,1299437958.0
2021,4,2110693,2555100.0,135442810.0
2021,4,2110694,2237068.0,3051012360.0
2021,4,2110695,2317456.0,2705380780.0
2021,4,2110696,2348914.0,2412778742.0
2021,4,2110697,2330876.0,1630413656.0
2021,4,2110698,2326146.0,3172850972.0
2021,4,2110699,2339714.0,817611389.0
2021,4,2110700,2308112.0,1644156761.0
2021,4,2110701,2592441.0,737207209.0
2021,4,2110702,2483755.0,1015985499.0
2021,4,2110703,2690964.0,816070401.0
2021,4,2110706,2512380.0,422659205.0
2021,4,2110707,2368579.0,1551920487.0
2021,4,2110708,2424054.0,579758402.0
2021,4,2110709,2286593.0,1081385045.0
2021,4,2110710,2256860.0,2759729749.0
2021,4,2110711,2328701.0,1809327895.0
2021,4,2110712,2190144.0,3695928374.0
2021,4,2110713,2722820.0,4073370939.0
2021,4,2110714,2391743.0,2122010918.0
2021,4,2110715,2288702.0,756693948.0
2021,4,2110716,2343673.0,415847556.0
2021,4,2110717,2208020.0,4446940926.0
2021,4,2110718,2637588.0,1391931447.0
2021,4,2110719,2727233.0,408888604.0
2021,4,2110720,2554957.0,1357695927.0
2021,4,2110721,2476601.0,1122978999.0
2021,4,2110722,2516497.0,1974709303.0
2021,4,2110723,2666322.0,553429611.0
2021,4,2110724,2474515.0,1677282697.0
2021,4,2110725,2486852.0,883320166.0
2021,4,2110726,2226276.0,765162670.0
2021,4,2110727,2564261.0,645782467.0
2021,4,2110728,2538562.0,499326947.0
2021,4,2110729,2295965.0,1944008149.0
2021,4,2110730,2492818.0,2003118891.0
2021,4,2110731,2366964.0,491136065.0
2021,4,2110732,2313009.0,2629109196.0
2021,4,2110733,2668325.0,176214564.0
2021,4,2110734,2102840.0,36451745.0
2021,4,2110735,2362791.0,2769962029.0
2021,4,2110736,2313851.0,2143939702.0
2021,4,2110737,2456771.0,1401946792.0
2021,4,2110738,2269506.0,1466230022.0
2021,4,2110739,2327672.0,170883832.0
2021,4,2110740,2345549.0,2506007736.0
2021,4,2110741,2209984.0,1526480368.0
2021,4,2110742,2634684.0,105963339.0
2021,4,2110743,2398905.0,2313042808.0
2021,4,2110744,2227277.0,3583350657.0
2021,4,2110745,2183058.0,1190169992.0
2021,4,2110746,2214964.0,887828368.0
2021,4,2110747,2544272.0,548438825.0
2021,4,2110748,2392421.0,833746916.0
2021,4,2110749,2570783.0,2751956979.0
2021,4,2110750,2211671.0,1637295016.0
2021,4,2110751,2303981.0,2927599624.0
2021,4,2110752,2322061.0,2863978108.0
2021,4,2110753,2269033.0,2938316444.0
2021,4,2110754,2281992.0,2303473474.0
2021,4,2110755,2430693.0,660224442.0
2021,4,2110756,3793790.0,567354454.0
2021,4,2110757,3187060.0,669567054.0
2021,4,2110758,3878992.0,200434522.0
2021,4,2110759,3310666.0,1400475941.0
2021,4,2110760,3868034.0,441722776.0
2021,4,2110761,1930196.0,79931550.0
2021,4,2110762,3444250.0,4827525786.0
2021,4,2110763,3430040.0,587300760.0
2021,4,2110765,2615788.0,247856303.0
2021,4,2110766,2441068.0,1621629912.0
2021,4,2110767,2428215.0,450218267.0
2021,4,2110768,2985064.0,421614481.0
2021,4,2110769,2275975.0,432214845.0
2021,4,2110770,2523596.0,1034144850.0
2021,4,2110771,2419065.0,238898435.0
2021,4,2110772,2385417.0,531871512.0
2021,4,2110773,3407839.0,154051811.0
2021,4,2110774,3078322.0,949463132.0
2021,4,2110775,2203445.0,406331301.0
2021,4,2110776,2258202.0,1306794675.0
2021,4,2110777,1795540.0,93943231.0
2021,4,2110778,2312958.0,1856849223.0
2021,4,2110779,2547066.0,89377727.0
2021,4,2110780,2353015.0,1047820072.0
2021,4,2110781,2549621.0,1229736580.0
2021,4,2110782,2984916.0,643596295.0
2021,4,2110783,2504915.0,634504452.0
2021,4,2110784,2318860.0,456603806.0
2021,4,2110785,2354835.0,1738821190.0
2021,4,2110786,3397227.0,1303145954.0
2021,4,2110787,2188880.0,1141224017.0
2021,4,2110788,2696466.0,294079407.0
2021,4,2110789,2385574.0,766250747.0
2021,4,2110790,2280651.0,1388611996.0
2021,4,2110791,3290371.0,130159657.0
2021,4,2110792,2412439.0,2107611346.0
2021,4,2110794,3225518.0,1491679979.0
2021,4,2110795,2348793.0,955183276.0
2021,4,2110796,3192941.0,662515929.0
2021,4,2110797,2485350.0,45863421.0
2021,4,2110798,2650441.0,216940094.0
2021,4,2110799,2375409.0,286772940.0
2021,4,2110800,3022176.0,495631683.0
2021,4,2110801,2467358.0,81313620.0
2021,4,2110802,2412832.0,547137587.0
2021,4,2110803,2492668.0,1414470246.0
2021,4,2110804,2421689.0,814442048.0
2021,4,2110805,2240757.0,251705385.0
2021,4,2110807,3408119.0,1178886251.0
2021,4,2110808,2767998.0,320236388.0
2021,4,2110809,2567910.0,375240099.0
2021,4,2110810,2404148.0,1585283528.0
2021,4,2110811,2613894.0,620109198.0
2021,4,2110812,2621573.0,604720460.0
2021,4,2110813,2571474.0,1231817402.0
2021,4,2110814,2578590.0,1703368986.0
2021,4,2110815,2748820.0,1832200208.0
2021,4,2110816,2850103.0,1102084880.0
2021,4,2110817,2785569.0,397654370.0
2021,4,2110818,2421143.0,309089207.0
2021,4,2110819,2452201.0,2477965115.0
2021,4,2110820,3079450.0,2408393470.0
2021,4,2110821,2619581.0,2924353294.0
2021,4,2110822,2747422.0,2780941265.0
2021,4,2110823,2675462.0,1507163509.0
2021,4,2110824,2924545.0,296188304.0
2021,4,2110825,2476359.0,4819633269.0
2021,4,2110826,2451401.0,2033499501.0
2021,4,2110827,2414299.0,862223470.0
2021,4,2110828,2427728.0,3212897642.0
2021,4,2110829,3112616.0,1448807721.0
2021,4,2110830,2473997.0,1868210442.0
2021,4,2110831,2583262.0,1380200649.0
2021,4,2110832,2484023.0,1596696443.0
2021,4,2110833,2646961.0,1298518465.0
2021,4,2110834,2519620.0,561537293.0
2021,4,2110835,2723199.0,548648898.0
2021,4,2110836,3734309.0,5584081974.0
2021,4,2110837,2720326.0,3135385640.0
2021,4,2110838,2727335.0,132850687.0
2021,4,2110839,3165536.0,1507469763.0
2021,4,2110840,2999064.0,1012727735.0
2021,4,2110841,2932620.0,1039605800.0
2021,4,2110842,2434031.0,166950698.0
2021,4,2110843,2755913.0,610366411.0
2021,4,2110844,2444794.0,211805045.0
2021,4,2110845,2413155.0,639100605.0
2021,4,2110846,2559802.0,3841011054.0
2021,4,2110847,2739995.0,2449035949.0
2021,4,2110848,2661257.0,2485009239.0
2021,4,2110849,2485313.0,1840625390.0
2021,4,2110850,2801178.0,3788889097.0
2021,4,2110851,2498282.0,1738152782.0
2021,4,2110852,2801596.0,671645110.0
2021,4,2110853,2511106.0,1200761805.0
2021,4,2110854,2336728.0,1067787992.0
2021,4,2110855,2493595.0,2228561226.0
2021,4,2110856,2484970.0,2275495134.0
2021,4,2110857,2416006.0,2278245838.0
2021,4,2110858,2284815.0,278638442.0
2021,4,2110859,2244549.0,919912427.0
2021,4,2110860,2377793.0,1010020335.0
2021,4,2110861,2419079.0,3079897741.0
2021,4,2110862,2301751.0,1013962155.0
2021,4,2110863,2316237.0,2244769445.0
2021,4,2110864,2355795.0,2185758672.0
2021,4,2110865,2216734.0,4723611998.0
2021,4,2110866,2133486.0,1771545010.0
2021,4,2110867,2374205.0,1584152445.0
2021,4,2110868,2429324.0,1516714989.0
2021,4,2110869,2370583.0,5544277977.0
2021,4,2110871,2715670.0,922815612.0
2021,4,2110872,2444583.0,1039704333.0
2021,4,2110873,2400143.0,2200042860.0
2021,4,2110874,2206634.0,1760499859.0
2021,4,2110875,2395516.0,1868276430.0
2021,4,2110876,2274245.0,1007367268.0
2021,4,2110877,2459546.0,2583184693.0
2021,4,2110878,2345484.0,1009296041.0
2021,4,2110879,2258338.0,537927829.0
2021,4,2110880,2271392.0,733866266.0
2021,4,2110881,2283749.0,6250015565.0
2021,4,2110882,2284617.0,3072648126.0
2021,4,2110883,2358335.0,2199926468.0
2021,4,2110884,2285647.0,802692351.0
2021,4,2110885,2277832.0,2730773261.0
2021,4,2110886,2399877.0,3161387114.0
2021,4,2110887,2660902.0,1248107544.0
2021,4,2110888,2527805.0,839349724.0
2021,4,2110889,2576776.0,1033438268.0
2021,4,2110890,2494207.0,1115579178.0
2021,4,2110891,2337404.0,458822062.0
2021,4,2110892,2557919.0,5352501127.0
2021,4,2110893,2877204.0,129087528.0
2021,4,2110894,2437375.0,1315760697.0
2021,4,2110895,3081700.0,5004066746.0
2021,4,2110896,2878854.0,176613792.0
2021,4,2110897,2454961.0,2341624487.0
2021,4,2110898,2272402.0,907899654.0
2021,4,2110899,2689413.0,1514834392.0
2021,4,2110900,2645103.0,2559831428.0
2021,4,2110901,2542548.0,3411268029.0
2021,4,2110902,3075569.0,4912961309.0
2021,4,2110903,3686493.0,1903393564.0
2021,4,2110904,3462900.0,636487484.0
2021,4,2110905,3415149.0,1839041773.0
2021,4,2110906,3482282.0,452922873.0
2021,4,2110907,3442426.0,1682625380.0
2021,4,2110908,4920199.0,90005054.0
2021,4,2110909,3749646.0,408214358.0
2021,4,2110910,3385435.0,1471456945.0
2021,4,2110911,2406989.0,295735012.0
2021,4,2110912,3268887.0,226217994.0
2021,4,2110913,3176413.0,2505897430.0
2021,4,2110914,3941342.0,308997121.0
2021,4,2110915,5553821.0,1095133431.0
2021,4,2110916,3352725.0,2268255804.0
2021,4,2110917,5702163.0,687624467.0
2021,4,2110918,3465227.0,1612914452.0
2021,4,2110919,4971051.0,1877420052.0
2021,4,2110920,4543487.0,120477869.0
2021,4,2110921,4469171.0,859708712.0
2021,4,2110922,3594530.0,1487897105.0
2021,4,2110923,4617919.0,243762761.0
2021,4,2110924,4689074.0,1759224731.0
2021,4,2110925,4467352.0,1594475492.0
2021,4,2110926,4225299.0,2179965263.0
2021,4,2110927,4683140.0,770153802.0
2021,4,2110928,3442373.0,367292009.0
2021,4,2110929,4363260.0,2709475123.0
2021,4,2110930,4695434.0,1112781483.0
2021,4,2110931,4209880.0,154085568.0
2021,4,2110932,3993368.0,389504227.0
2021,4,2110933,5050286.0,207442208.0
2021,4,2110934,3768557.0,1477357950.0
2021,4,2110935,4239665.0,381275492.0
2021,4,2110936,3486004.0,623519126.0
2021,4,2110937,5162582.0,227030927.0
2021,4,2110938,3811482.0,594481106.0
2021,4,2110939,3747109.0,3729953536.0
2021,4,2110940,3666797.0,774789640.0
2021,4,2110941,2986019.0,429956136.0
2021,4,2110942,3199704.0,5023800209.0
2021,4,2110943,3221478.0,1151902294.0
2021,4,2110944,3949693.0,514367518.0
2021,4,2110945,2986200.0,320171634.0
2021,4,2110946,2744531.0,90255485.0
2021,4,2110947,2963509.0,349773953.0
2021,4,2110948,2312912.0,33867500.0
2021,4,2110949,4000404.0,337670218.0
2021,4,2110950,4851023.0,706218394.0
2021,4,2110951,2921600.0,545918532.0
2021,4,2110952,2526010.0,531557003.0
2021,4,2110953,4411876.0,1004338360.0
2021,4,2110954,3686966.0,521453085.0
2021,4,2110955,2925248.0,4481561126.0
2021,4,2110956,3979369.0,703749157.0
2021,4,2110957,3496418.0,1591782820.0
2021,4,2110958,4262845.0,1067915396.0
2021,4,2110959,4291696.0,292962061.0
2021,4,2110960,4439502.0,447224989.0
2021,4,2110961,3327698.0,1444220522.0
2021,4,2110962,6352060.0,85606527.0
2021,4,2110963,3699759.0,885115575.0
2021,4,2110964,4768060.0,429284584.0
2021,4,2110965,3218797.0,1570369626.0
2021,4,2110966,3336306.0,1812934729.0
2021,4,2110967,3201729.0,924042436.0
2021,4,2110968,3618495.0,466605525.0
2021,4,2110969,3841049.0,964238180.0
2021,4,2110970,3783893.0,823164325.0
2021,4,2110971,3460590.0,3043232760.0
2021,4,2110972,3347336.0,1056500384.0
2021,4,2110973,4766183.0,1313670201.0
2021,4,2110974,3974594.0,936652373.0
2021,4,2110975,4853527.0,539131517.0
2021,4,2110976,3250531.0,1119489213.0
2021,4,2110977,2809700.0,275630230.0
2021,4,2110978,5502730.0,73170781.0
2021,4,2110979,6473963.0,770567910.0
2021,4,2110980,3416945.0,1203372074.0
2021,4,2110981,3081543.0,895864770.0
2021,4,2110982,3414974.0,499785342.0
2021,4,2110983,3193015.0,989441993.0
2021,4,2110984,3091267.0,1995713025.0
2021,4,2110985,4315389.0,693886792.0
2021,4,2110986,3790922.0,382757355.0
2021,4,2110987,5450017.0,268225986.0
2021,4,2110988,5214159.0,842352089.0
2021,4,2110989,3616235.0,1239122785.0
2021,4,2110990,2878776.0,67387498.0
2021,4,2110991,5591064.0,324397156.0
2021,4,2110992,4023815.0,3923283050.0
2021,4,2110993,2799328.0,533227058.0
2021,4,2110994,3250126.0,402347163.0
2021,4,2110995,4803891.0,1661967619.0
2021,4,2110996,5017644.0,1301041080.0
2021,4,2110997,3135357.0,7111260999.0
2021,4,2110998,3958677.0,293491998.0
2021,4,2110999,3606069.0,798255194.0
2021,4,2111000,2982786.0,266208444.0
2021,4,2111001,3803315.0,386417722.0
2021,4,2111003,3009722.0,6139320585.0
2021,4,2111004,2950854.0,5765259867.0
2021,4,2111005,2835826.0,4862862549.0
2021,4,2111006,2800884.0,5506856090.0
2021,4,2111007,2718100.0,4910763463.0
2021,4,2111008,2704251.0,2914259077.0
2021,4,2111009,2518446.0,604549258.0
2021,4,2111010,2932038.0,5660251475.0
2021,4,2111011,6025078.0,151641866.0
2021,4,2111012,2842010.0,3361106406.0
2021,4,2111013,3194188.0,5156025642.0
2021,4,2111014,2806994.0,1995353597.0
2021,4,2111015,2898321.0,5655210774.0
2021,4,2111016,2859888.0,1978573009.0
2021,4,2111017,2637506.0,714136891.0
2021,4,2111018,3008369.0,448281909.0
2021,4,2111019,3005680.0,5013306316.0
2021,4,2111020,2888541.0,486915209.0
2021,4,2111021,3411149.0,5276061066.0
2021,4,2111022,2867504.0,1401174672.0
2021,4,2111023,2812677.0,1412671274.0
2021,4,2111024,2606588.0,951223319.0
2021,4,2111025,2784032.0,1830841310.0
2021,4,2111026,3091983.0,2402968443.0
2021,4,2111027,2685149.0,2992285256.0
2021,4,2111028,2686383.0,784923404.0
2021,4,2111029,2822499.0,554488670.0
2021,4,2111030,3000885.0,1130415031.0
2021,4,2111031,2725972.0,1496056598.0
2021,4,2111032,3946243.0,995113809.0
2021,4,2111033,2569823.0,345779686.0
2021,4,2111034,2795979.0,2110300758.0
2021,4,2111035,2892275.0,1922741796.0
2021,4,2111036,2657348.0,634383625.0
2021,4,2111037,2538907.0,411760299.0
2021,4,2111038,2472370.0,1476944882.0
2021,4,2111039,2442242.0,1261413488.0
2021,4,2111040,2334060.0,1245058042.0
2021,4,2111041,3350850.0,246252292.0
2021,4,2111042,2424391.0,2441133871.0
2021,4,2111043,2341009.0,1565296585.0
2021,4,2111044,2265814.0,1818456929.0
2021,4,2111045,2316169.0,655126763.0
2021,4,2111046,2381697.0,4201072204.0
2021,4,2111047,2157672.0,1241557566.0
2021,4,2111048,2412240.0,1378914075.0
2021,4,2111049,2586148.0,2162669920.0
2021,4,2111050,3108385.0,532987710.0
2021,4,2111051,2710916.0,2658757815.0
2021,4,2111052,2583404.0,2599527301.0
2021,4,2111053,3345355.0,2852225329.0
2021,4,2111054,2819294.0,239946954.0
2021,4,2111055,2224020.0,133078748.0
2021,4,2111056,2999948.0,251223247.0
2021,4,2111057,2331595.0,2072699236.0
2021,4,2111058,2645223.0,972043874.0
2021,4,2111059,2678485.0,5068426287.0
2021,4,2111060,2525729.0,4432980578.0
2021,4,2111061,2458531.0,4871072059.0
2021,4,2111062,3199117.0,1925893019.0
2021,4,2111063,2586897.0,2679162346.0
2021,4,2111064,2690569.0,1529680999.0
2021,4,2111065,2178476.0,1107618761.0
2021,4,2111066,2352225.0,2449094040.0
2021,4,2111067,2819519.0,4977078933.0
2021,4,2111068,4788166.0,155431072.0
2021,4,2111069,2227225.0,1995547132.0
2021,4,2111070,2261765.0,1349568900.0
2021,4,2111071,2471344.0,779450446.0
2021,4,2111072,2613273.0,3705942314.0
2021,4,2111073,2850575.0,3738670753.0
2021,4,2111074,2873868.0,1208234536.0
2021,4,2111075,2426207.0,2018920300.0
2021,4,2111076,2667219.0,828796978.0
2021,4,2111077,2686686.0,5572994071.0
2021,4,2111078,2497566.0,4768847295.0
2021,4,2111079,2912659.0,1315654665.0
2021,4,2111080,3126674.0,1294837113.0
2021,4,2111081,2235891.0,129684090.0
2021,4,2111082,3126689.0,502756843.0
2021,4,2111083,2475533.0,1812225212.0
2021,4,2111084,3107791.0,480653213.0
2021,4,2111085,2558553.0,5007325425.0
2021,4,2111086,2851749.0,1264810182.0
2021,4,2111087,2493823.0,995226881.0
2021,4,2111088,2369104.0,941528487.0
2021,4,2111089,2465806.0,1310650750.0
2021,4,2120001,3219553.0,723724680.0
2021,4,2120002,3561029.0,919376058.0
2021,4,2120003,5510963.0,1630151221.0
2021,4,2120004,4556694.0,54769555.0
2021,4,2120005,3246425.0,770611203.0
2021,4,2120006,2943100.0,217862951.0
2021,4,2120007,3344869.0,728976995.0
2021,4,2120008,3362180.0,177265975.0
2021,4,2120009,2705236.0,2687927278.0
2021,4,2120010,2875199.0,626948256.0
2021,4,2120011,4415156.0,549792070.0
2021,4,2120012,3194971.0,1014366960.0
2021,4,2120013,3400051.0,247302807.0
2021,4,2120014,2779846.0,119275728.0
2021,4,2120015,2575455.0,105480728.0
2021,4,2120016,1753667.0,357858472.0
2021,4,2120017,2402340.0,993311547.0
2021,4,2120018,4042276.0,619992962.0
2021,4,2120019,4888505.0,367129323.0
2021,4,2120020,2375077.0,65331262.0
2021,4,2120021,5151499.0,261955078.0
2021,4,2120022,2937934.0,113720538.0
2021,4,2120023,2994239.0,5040555.0
2021,4,2120024,2630871.0,787753897.0
2021,4,2120026,2628561.0,16510389.0
2021,4,2120027,4948805.0,808307611.0
2021,4,2120028,3196883.0,101995475.0
2021,4,2120029,1646687.0,15802026.0
2021,4,2120030,2724217.0,70188896.0
2021,4,2120031,3522189.0,245614194.0
2021,4,2120032,2819399.0,1527631384.0
2021,4,2120033,2892569.0,147270752.0
2021,4,2120034,4787854.0,890334347.0
2021,4,2120035,2792732.0,147272527.0
2021,4,2120036,2930812.0,220609199.0
2021,4,2120037,2461258.0,987302239.0
2021,4,2120038,2744436.0,1839859102.0
2021,4,2120039,3398967.0,2153659468.0
2021,4,2120040,3392718.0,1251144914.0
2021,4,2120041,4862638.0,1381554281.0
2021,4,2120042,3356953.0,464152006.0
2021,4,2120043,1951082.0,1001763288.0
2021,4,2120044,3752383.0,844272727.0
2021,4,2120045,2701519.0,628194848.0
2021,4,2120046,3065742.0,2318782256.0
2021,4,2120047,4328527.0,1478445073.0
2021,4,2120048,2260761.0,795454623.0
2021,4,2120049,2704852.0,584926831.0
2021,4,2120050,2954167.0,599737987.0
2021,4,2120051,3051479.0,1083444808.0
2021,4,2120052,2497599.0,1171025573.0
2021,4,2120053,2692807.0,2844459792.0
2021,4,2120054,3060187.0,2192283415.0
2021,4,2120055,2595603.0,2775219959.0
2021,4,2120056,2962833.0,1755743693.0
2021,4,2120057,2684585.0,1926439731.0
2021,4,2120058,2551534.0,939481950.0
2021,4,2120059,4079276.0,1669009924.0
2021,4,2120061,3079045.0,163610360.0
2021,4,2120062,2674380.0,1698409250.0
2021,4,2120063,3002268.0,393427714.0
2021,4,2120064,3055507.0,438651868.0
2021,4,2120065,2965108.0,762738948.0
2021,4,2120066,2591303.0,2024500674.0
2021,4,2120067,2576528.0,2706564772.0
2021,4,2120068,2505160.0,152232347.0
2021,4,2120069,3460475.0,2855149978.0
2021,4,2120070,2658027.0,270238915.0
2021,4,2120071,2746630.0,168850349.0
2021,4,2120072,2807496.0,1461874945.0
2021,4,2120073,2408304.0,567243547.0
2021,4,2120074,2819182.0,201565925.0
2021,4,2120075,3136567.0,756618991.0
2021,4,2120076,2454598.0,2559829007.0
2021,4,2120077,2150274.0,788646138.0
2021,4,2120078,2271078.0,248936849.0
2021,4,2120079,2304593.0,903820639.0
2021,4,2120081,2584230.0,1763376411.0
2021,4,2120082,2549125.0,57906638.0
2021,4,2120083,3869503.0,311855687.0
2021,4,2120084,2335432.0,857903262.0
2021,4,2120085,3285046.0,118938481.0
2021,4,2120086,3241119.0,1543329437.0
2021,4,2120087,2592070.0,1204338795.0
2021,4,2120088,3031149.0,852549792.0
2021,4,2120089,3929682.0,40188483.0
2021,4,2120090,2600963.0,926548362.0
2021,4,2120091,2641213.0,1410684106.0
2021,4,2120092,2588663.0,702527462.0
2021,4,2120093,3763854.0,622802210.0
2021,4,2120094,3071531.0,1163965676.0
2021,4,2120095,2552157.0,460838395.0
2021,4,2120096,3595503.0,535705066.0
2021,4,2120097,4880648.0,548441867.0
2021,4,2120100,2882270.0,893152035.0
2021,4,2120101,4649382.0,2841247933.0
2021,4,2120102,2987277.0,1895650588.0
2021,4,2120103,2934520.0,3217620585.0
2021,4,2120104,2969151.0,4545268501.0
2021,4,2120105,2806606.0,1307553976.0
2021,4,2120106,4840892.0,1235066290.0
2021,4,2120107,5326543.0,1216567876.0
2021,4,2120108,2416294.0,1307037673.0
2021,4,2120109,2697252.0,1136347032.0
2021,4,2120110,2747203.0,867113410.0
2021,4,2120111,2561022.0,988442567.0
2021,4,2120112,2925158.0,3992293363.0
2021,4,2120113,4287524.0,2023404078.0
2021,4,2120114,6052411.0,3396080891.0
2021,4,2120116,2802789.0,358050110.0
2021,4,2120117,1891686.0,43510208.0
2021,4,2120119,3324480.0,399652966.0
2021,4,2120120,2624496.0,1474096413.0
2021,4,2120121,2704682.0,1874997233.0
2021,4,2120122,2706710.0,3673527303.0
2021,4,2120123,2458800.0,1750804189.0
2021,4,2120124,2467716.0,1507462278.0
2021,4,2120125,3465240.0,1342257480.0
2021,4,2120126,2195451.0,383709753.0
2021,4,2120127,2841885.0,3564107047.0
2021,4,2120128,4915171.0,1316569801.0
2021,4,2120129,3778166.0,1708673745.0
2021,4,2120130,2616631.0,1465625637.0
2021,4,2120131,2632542.0,3296862435.0
2021,4,2120132,2530655.0,3312049992.0
2021,4,2120133,2414232.0,179229318.0
2021,4,2120134,2445084.0,1709731123.0
2021,4,2120135,3022229.0,493524572.0
2021,4,2120136,2672081.0,1014388880.0
2021,4,2120138,3198770.0,935436718.0
2021,4,2120139,2350181.0,848171189.0
2021,4,2120140,5194797.0,7991680.0
2021,4,2120141,2903383.0,881638032.0
2021,4,2120142,2570456.0,1307404978.0
2021,4,2120143,3616807.0,1735374771.0
2021,4,2120144,3236645.0,799140374.0
2021,4,2120145,2984414.0,2935012043.0
2021,4,2120146,3099801.0,939017788.0
2021,4,2120147,2695031.0,770770778.0
2021,4,2120148,5019334.0,620033990.0
2021,4,2120149,5980022.0,1447281665.0
2021,4,2120150,4841104.0,340018206.0
2021,4,2120151,4057470.0,2930613534.0
2021,4,2120152,2792302.0,1461521546.0
2021,4,2120153,2746389.0,942528019.0
2021,4,2120154,2405834.0,318035037.0
2021,4,2120155,2775563.0,925070925.0
2021,4,2120156,3555185.0,1929351454.0
2021,4,2120157,2473297.0,4809890059.0
2021,4,2120158,2377036.0,1339518927.0
2021,4,2120159,3005655.0,2962646726.0
2021,4,2120160,3342209.0,2520709765.0
2021,4,2120161,3235691.0,757059162.0
2021,4,2120162,3932497.0,1475718498.0
2021,4,2120163,3263850.0,1495154155.0
2021,4,2120164,3376636.0,1793706422.0
2021,4,2120165,4331303.0,1179112807.0
2021,4,2120166,3520921.0,2042534782.0
2021,4,2120167,6477930.0,216898294.0
2021,4,2120168,3647814.0,235684029.0
2021,4,2120169,4845302.0,1495893906.0
2021,4,2120170,5053618.0,488651708.0
2021,4,2120171,3845435.0,1936566524.0
2021,4,2120172,4053116.0,2358944597.0
2021,4,2120173,5037551.0,4003432001.0
2021,4,2120174,3587528.0,1409214696.0
2021,4,2120175,4369885.0,2736648048.0
2021,4,2120176,2777089.0,2952555512.0
2021,4,2120177,2725173.0,2851728795.0
2021,4,2120178,3039614.0,2774573656.0
2021,4,2120179,4712713.0,3436840055.0
2021,4,2120180,3064274.0,617883951.0
2021,4,2120181,3159314.0,864404720.0
2021,4,2120182,3301110.0,1269050100.0
2021,4,2120183,3501190.0,1433119242.0
2021,4,2120184,3129878.0,4025712367.0
2021,4,2120185,3209642.0,3814667562.0
2021,4,2120186,3602514.0,2489687551.0
2021,4,2120187,3167104.0,3373530633.0
2021,4,2120188,3837465.0,1170392552.0
2021,4,2120189,4451444.0,4492606522.0
2021,4,2120190,3308139.0,1867827087.0
2021,4,2120191,3289173.0,2887323339.0
2021,4,2120192,4217405.0,3473998985.0
2021,4,2120193,3270273.0,1019509440.0
2021,4,2120194,3258234.0,1889746203.0
2021,4,2120195,3256289.0,813650624.0
2021,4,2120196,3421256.0,401199127.0
2021,4,2120197,3471236.0,3212597751.0
2021,4,2120198,3332219.0,3913260246.0
2021,4,2120199,3497077.0,534208860.0
2021,4,2120200,3402858.0,1006064987.0
2021,4,2120201,3463488.0,1479305382.0
2021,4,2120202,4378212.0,1694893928.0
2021,4,2120203,3950137.0,1470778245.0
2021,4,2120204,3950805.0,1790026304.0
2021,4,2120205,3506683.0,1848282139.0
2021,4,2120206,3841701.0,1721637065.0
2021,4,2120207,3639169.0,4195722577.0
2021,4,2120208,3922348.0,1972996589.0
2021,4,2120209,4707158.0,675548286.0
2021,4,2120210,3481614.0,4218890942.0
2021,4,2120211,4176833.0,824959664.0
2021,4,2120212,4127153.0,1067199535.0
2021,4,2120213,3545776.0,2974273769.0
2021,4,2120214,5505301.0,736186796.0
2021,4,2120215,4437951.0,3599412304.0
2021,4,2120216,4913366.0,129113505.0
2021,4,2120217,3739784.0,2335650952.0
2021,4,2120219,5022842.0,827566344.0
2021,4,2120220,6466643.0,438625881.0
2021,4,2120221,3769431.0,409958750.0
2021,4,2120222,4017738.0,1108323437.0
2021,4,2120223,5720607.0,631320946.0
2021,4,2120224,3868336.0,181022561.0
2021,4,2120225,3137714.0,1661008540.0
2021,4,2120226,3018651.0,1294513111.0
2021,4,2120227,5514885.0,7180492995.0
2021,4,2120228,3187102.0,2633000879.0
2021,4,2120229,2988201.0,2524086737.0
2021,4,2120230,2875885.0,731635724.0
2021,4,2120232,2742446.0,772341925.0
2021,4,2120233,3271720.0,1085520869.0
2021,4,2120234,3494644.0,1665103832.0
2021,4,2120235,3259965.0,280509308.0
2021,4,2120236,3435366.0,114988366.0
2021,4,2120237,2786821.0,2147642655.0
2021,4,2120238,2611800.0,420676219.0
2021,4,2120239,3141787.0,2292617850.0
2021,4,2120240,3083382.0,2037930010.0
2021,4,2120241,2773795.0,925814915.0
2021,4,2120242,2893980.0,2386955648.0
2021,4,2120243,3388339.0,1645281998.0
2021,4,2120244,2526789.0,1275750635.0
2021,4,2120245,2946954.0,1243149138.0
2021,4,2120246,2821777.0,3990130206.0
2021,4,2120247,2489136.0,862606380.0
2021,4,2120248,2784724.0,1161689640.0
2021,4,2120249,3954565.0,677974856.0
2021,4,2130001,3509295.0,314622751.0
2021,4,2130002,3234785.0,279133719.0
2021,4,2130004,2774432.0,265603989.0
2021,4,2130005,3112817.0,39925999.0
2021,4,2130007,2689995.0,6189155.0
2021,4,2130010,2348627.0,62987706.0
2021,4,2130011,2148792.0,51820648.0
2021,4,2130013,2449200.0,54816552.0
2021,4,2130014,2458476.0,88129712.0
2021,4,2130015,2064497.0,226049010.0
2021,4,2130016,2019083.0,144485901.0
2021,4,2130017,1842696.0,211561601.0
2021,4,2130018,2609964.0,210538628.0
2021,4,2130019,1524898.0,52898670.0
2021,4,2130020,2575958.0,329871005.0
2021,4,2130021,2168576.0,40622488.0
2021,4,2130024,3035985.0,297641410.0
2021,4,2130031,2452141.0,39765429.0
2021,4,2130032,1857014.0,71152857.0
2021,4,2130033,2178845.0,343333484.0
2021,4,2130034,4766502.0,860610.0
2021,4,2130035,2585656.0,192014434.0
2021,4,2130036,2522424.0,114955686.0
2021,4,2130038,1026068.0,1944400.0
2021,4,2130042,2670122.0,1082856206.0
2021,4,2130047,1554706.0,21442123.0
2021,4,2130048,2058085.0,49963968.0
2021,4,2130049,2210105.0,48456120.0
2021,4,2130051,2915118.0,1082407969.0
2021,4,2130052,2107731.0,789170860.0
2021,4,2130053,2317890.0,467808028.0
2021,4,2130054,2474959.0,614917235.0
2021,4,2130055,2591320.0,616630999.0
2021,4,2130056,2447321.0,415616099.0
2021,4,2130057,2179071.0,16646334.0
2021,4,2130058,2370644.0,69267077.0
2021,4,2130059,2729874.0,463608951.0
2021,4,2130060,2667653.0,37924561.0
2021,4,2130061,2323980.0,55595053.0
2021,4,2130062,1692570.0,8540338.0
2021,4,2130063,2462539.0,177964764.0
2021,4,2130064,2731463.0,151181436.0
2021,4,2130065,2286382.0,1265926447.0
2021,4,2130066,2484253.0,658872395.0
2021,4,2130067,2865334.0,1045393284.0
2021,4,2130068,2491408.0,1231475259.0
2021,4,2130069,2484336.0,17708732.0
2021,4,2130070,2960989.0,455795908.0
2021,4,2130071,2078971.0,41041904.0
2021,4,2130072,2368602.0,1921353897.0
2021,4,2130073,1995938.0,72653396.0
2021,4,2130074,2488717.0,231301232.0
2021,4,2130075,2342751.0,172630342.0
2021,4,2130076,2339358.0,299187703.0
2021,4,2130077,3466306.0,82488184.0
2021,4,2130078,2390203.0,609523889.0
2021,4,2130079,1466102.0,85509807.0
2021,4,2130080,2287179.0,31975848.0
2021,4,2130081,2416193.0,1032013109.0
2021,4,2130082,2557386.0,135793567.0
2021,4,2130083,2466997.0,459821249.0
2021,4,2130084,2373799.0,112815397.0
2021,4,2130086,2329474.0,796670784.0
2021,4,2130087,2141260.0,33115142.0
2021,4,2130089,2612836.0,172981346.0
2021,4,2130090,2322293.0,95383726.0
2021,4,2130091,2111528.0,387606744.0
2021,4,2130092,2041290.0,246782756.0
2021,4,2130094,1777691.0,60060872.0
2021,4,2130095,2289705.0,106183611.0
2021,4,2130097,2201108.0,595259378.0
2021,4,2130098,3111453.0,555018173.0
2021,4,2130099,1922472.0,22618305.0
2021,4,2130100,2120052.0,212710178.0
2021,4,2130101,2101698.0,214858148.0
2021,4,2130102,1750669.0,32207043.0
2021,4,2130103,1889735.0,92712866.0
2021,4,2130104,2306240.0,291966576.0
2021,4,2130105,2283997.0,444076061.0
2021,4,2130106,2222083.0,677368736.0
2021,4,2130107,2555508.0,69837498.0
2021,4,2130108,2887869.0,195395907.0
2021,4,2130109,2259279.0,411915505.0
2021,4,2130110,2221818.0,605795914.0
2021,4,2130111,2217153.0,926157899.0
2021,4,2130112,2249536.0,797632147.0
2021,4,2130114,2385756.0,54553622.0
2021,4,2130115,2190924.0,980978835.0
2021,4,2130116,2515646.0,193627363.0
2021,4,2130117,2111902.0,440848055.0
2021,4,2130118,2320896.0,370177719.0
2021,4,2130119,2384883.0,252462938.0
2021,4,2130120,2462391.0,73712207.0
2021,4,2130121,1614311.0,19659596.0
2021,4,2130122,1771139.0,63630617.0
2021,4,2130123,2417069.0,143273865.0
2021,4,2130124,4771734.0,25527557.0
2021,4,2130125,2356847.0,583325575.0
2021,4,2130126,2396735.0,74660626.0
2021,4,2130127,2565610.0,49776460.0
2021,4,2130128,2156814.0,583569468.0
2021,4,2130129,2308124.0,826423661.0
2021,4,2130130,2026602.0,40639842.0
2021,4,2130131,1800458.0,16212466.0
2021,4,2130132,2185886.0,319666134.0
2021,4,2130133,2243877.0,933145775.0
2021,4,2130134,2559974.0,226668351.0
2021,4,2130135,2166798.0,436620281.0
2021,4,2130136,2085695.0,218864584.0
2021,4,2130137,2198527.0,266775147.0
2021,4,2130138,2422682.0,146792905.0
2021,4,2130139,2141923.0,905968756.0
2021,4,2130140,2627626.0,99443535.0
2021,4,2130141,2654585.0,413253331.0
2021,4,2130143,2239167.0,195387403.0
2021,4,2130144,2167743.0,349500058.0
2021,4,2130145,2394868.0,396421490.0
2021,4,2130146,2235060.0,1655394935.0
2021,4,2130147,2367824.0,625318327.0
2021,4,2130148,1955499.0,634038643.0
2021,4,2130149,2153872.0,864072119.0
2021,4,2130150,2171979.0,365211275.0
2021,4,2130151,1932678.0,51834025.0
2021,4,2130152,2002645.0,567613158.0
2021,4,2130157,2076687.0,901559400.0
2021,4,2130159,2314728.0,1159792312.0
2021,4,2130160,1976888.0,37317401.0
2021,4,2130161,2285974.0,80773380.0
2021,4,2130162,2099680.0,37495135.0
2021,4,2130163,2376558.0,481720102.0
2021,4,2130165,2247096.0,203343193.0
2021,4,2130166,3086937.0,185960384.0
2021,4,2130167,2438217.0,533103566.0
2021,4,2130168,3114224.0,197028438.0
2021,4,2130169,2558866.0,1182371837.0
2021,4,2130171,2756909.0,1775032187.0
2021,4,2130172,1906690.0,178039706.0
2021,4,2130173,2819329.0,121000373.0
2021,4,2130175,4766502.0,32879730.0
2021,4,2130177,2303543.0,121565186.0
2021,4,2130178,2308533.0,40578126.0
2021,4,2130179,3213199.0,415950741.0
2021,4,2130180,2201802.0,346989188.0
2021,4,2130181,2335870.0,524748685.0
2021,4,2130182,2520535.0,397044657.0
2021,4,2130183,2812669.0,3690505872.0
2021,4,2130185,2363033.0,481878287.0
2021,4,2130186,2714107.0,996074298.0
2021,4,2130187,3010656.0,130478289.0
2021,4,2130188,2470001.0,74255729.0
2021,4,2130190,2622376.0,235725552.0
2021,4,2130191,2700407.0,336961293.0
2021,4,2130192,3550040.0,24109213.0
2021,4,2130193,2854722.0,44108181.0
2021,4,2130194,5324450.0,452342005.0
2021,4,2130195,3043734.0,1388057901.0
2021,4,2130198,2629416.0,11610508.0
2021,4,2130199,1944409.0,331953578.0
2021,4,2130200,2192923.0,140619978.0
2021,4,2130201,2131342.0,598923491.0
2021,4,2130202,2195752.0,439978674.0
2021,4,2130203,2098130.0,216634974.0
2021,4,2130204,2459283.0,379339536.0
2021,4,2130206,2532833.0,15567117.0
2021,4,2130207,1982382.0,30885684.0
2021,4,2130208,3023918.0,666824330.0
2021,4,2130209,2749729.0,772494965.0
2021,4,2130210,3000040.0,385556080.0
2021,4,2130211,2561177.0,407776916.0
2021,4,2130212,2882050.0,297129392.0
2021,4,2130213,3013335.0,299930105.0
2021,4,2130214,2768880.0,520664624.0
2021,4,2130216,2321665.0,827208819.0
2021,4,2130217,2639119.0,289392426.0
2021,4,2130218,3308030.0,54717610.0
2021,4,2130219,2531676.0,964538254.0
2021,4,2130221,2335978.0,1026474070.0
2021,4,2130222,3277219.0,121966705.0
2021,4,2130223,2305378.0,224881527.0
2021,4,2130224,2472285.0,123369859.0
2021,4,2130225,2406480.0,1560132912.0
2021,4,2130226,1959902.0,19233160.0
2021,4,2130227,2271932.0,123804481.0
2021,4,2130228,2087363.0,158575048.0
2021,4,2130229,2054731.0,417839578.0
2021,4,2130230,1875957.0,113919138.0
2021,4,2130231,2144892.0,180903409.0
2021,4,2130232,2224233.0,453488903.0
2021,4,2130233,2221708.0,775799779.0
2021,4,2130234,3898148.0,37315946.0
2021,4,2130235,2345150.0,272896032.0
2021,4,2130236,2217992.0,1205860024.0
2021,4,2130237,2244880.0,62566033.0
2021,4,2130238,2285882.0,562701483.0
2021,4,2130241,3524673.0,695625304.0
2021,4,2130242,2475284.0,198390524.0
2021,4,2130243,2529211.0,24920369.0
2021,4,2130244,2291846.0,493917278.0
2021,4,2130245,1947356.0,307551166.0
2021,4,2130246,2676091.0,962828082.0
2021,4,2130247,2162688.0,189536407.0
2021,4,2130249,2020925.0,109783216.0
2021,4,2130253,2714737.0,11666400.0
2021,4,2130255,2511378.0,865528801.0
2021,4,2130256,3522101.0,20807565.0
2021,4,2130257,3081644.0,241013031.0
2021,4,2130258,1905430.0,48509994.0
2021,4,2130259,2207191.0,56226226.0
2021,4,2130260,2510737.0,307297031.0
2021,4,2130261,2487773.0,629962865.0
2021,4,2130262,2126828.0,318660661.0
2021,4,2130263,2596602.0,3754035.0
2021,4,2130264,2802284.0,301449724.0
2021,4,2130265,1948695.0,57781963.0
2021,4,2130266,2836764.0,48545757.0
2021,4,2130267,2539751.0,221441992.0
2021,4,2130268,2604311.0,792921574.0
2021,4,2130269,2561399.0,124737392.0
2021,4,2130270,2527208.0,22077074.0
2021,4,2130271,2330725.0,246606550.0
2021,4,2130272,3736107.0,6333048.0
2021,4,2130273,2405264.0,264370445.0
2021,4,2130274,2696587.0,340545402.0
2021,4,2130275,2578881.0,362211089.0
2021,4,2130276,2625557.0,40253819.0
2021,4,2130277,2334756.0,647453018.0
2021,4,2130278,2318728.0,345132481.0
2021,4,2130279,2433386.0,999680846.0
2021,4,2130281,2337539.0,21280830.0
2021,4,2130282,2150705.0,110314654.0
2021,4,2130283,2336629.0,152330813.0
2021,4,2130285,2692846.0,174619872.0
2021,4,2130286,1261510.0,232952557.0
2021,4,2130287,1900263.0,88424525.0
2021,4,2130288,2483553.0,14940602.0
2021,4,2130290,2479948.0,1289845646.0
2021,4,2130291,2016376.0,33244610.0
2021,4,2130292,1575449.0,12704950.0
2021,4,2130293,2762489.0,54755583.0
2021,4,2130294,2582999.0,380091784.0
2021,4,2130295,2578004.0,675831628.0
2021,4,2130296,2836142.0,60153763.0
2021,4,2130301,2515342.0,52400098.0
2021,4,2130302,3569315.0,174139297.0
2021,4,2130303,2707326.0,728261153.0
2021,4,2130305,5826467.0,81052771.0
2021,4,2130306,2365118.0,207299533.0
2021,4,2130307,3766912.0,51514148.0
2021,4,2130311,2763094.0,1704471877.0
2021,4,2130312,2546547.0,728655686.0
2021,4,2130313,2668696.0,2956881150.0
2021,4,2130314,2417552.0,1463840744.0
2021,4,2130315,2331157.0,742171515.0
2021,4,2130316,2300423.0,41718696.0
2021,4,2130317,2298459.0,443911997.0
2021,4,2130318,3397303.0,329927191.0
2021,4,2130319,2430813.0,541910305.0
2021,4,2130320,2532248.0,472182422.0
2021,4,2130321,2838891.0,746197588.0
2021,4,2130322,2042748.0,587462046.0
2021,4,2130323,2608832.0,764962470.0
2021,4,2130324,2554325.0,595074220.0
2021,4,2130325,3593165.0,762846136.0
2021,4,2130326,2356081.0,40697223.0
2021,4,1001491,3026037.0,3597923964.0
2021,4,1001492,3071908.0,799060474.0
2021,4,1001493,3609691.0,1889505008.0
2021,4,1001494,2228122.0,1880810046.0
2021,4,1001495,4241377.0,8751576599.0
