기준 년코드,기준_분기_코드,상권_구분_코드,상권_구분_코드_명,상권_코드,총_생활인구_수,남성_생활인구_수,여성_생활인구_수
2021,4,U,관광특구,1001496,102294,51045,51249
2021,4,U,관광특구,1001495,3371333,1642782,1728551
2021,4,U,관광특구,1001494,3868466,2102996,1765468
2021,4,U,관광특구,1001493,3218311,1544837,1673475
2021,4,U,관광특구,1001492,3954704,2007791,1946913
2021,4,U,관광특구,1001491,1905510,948480,957032
2021,4,R,전통시장,2130326,159978,73096,86882
2021,4,R,전통시장,2130325,219852,97364,122488
2021,4,R,전통시장,2130324,508307,231976,276329
2021,4,R,전통시장,2130323,352941,175201,177739
2021,4,R,전통시장,2130322,266287,131379,134906
2021,4,R,전통시장,2130321,158541,73740,84802
2021,4,R,전통시장,2130320,119166,56483,62684
2021,4,R,전통시장,2130319,783844,377859,405986
2021,4,R,전통시장,2130318,375808,175922,199885
2021,4,R,전통시장,2130317,511534,242699,268835
2021,4,R,전통시장,2130316,46538,22128,24410
2021,4,R,전통시장,2130315,585240,284322,300919
2021,4,R,전통시장,2130314,1333377,604156,729221
2021,4,R,전통시장,2130313,833686,383446,450240
2021,4,R,전통시장,2130312,316031,149214,166816
2021,4,R,전통시장,2130311,800120,384712,415407
2021,4,R,전통시장,2130310,205167,93745,111422
2021,4,R,전통시장,2130309,33881,15896,17985
2021,4,R,전통시장,2130308,10253,5239,5013
2021,4,R,전통시장,2130307,196673,88978,107695
2021,4,R,전통시장,2130306,139507,70097,69409
2021,4,R,전통시장,2130305,33952,17534,16418
2021,4,R,전통시장,2130304,19715,8278,11437
2021,4,R,전통시장,2130303,385516,194177,191341
2021,4,R,전통시장,2130302,49648,24620,25028
2021,4,R,전통시장,2130301,64179,32355,31825
2021,4,R,전통시장,2130300,47425,19891,27534
2021,4,R,전통시장,2130299,40173,17031,23142
2021,4,R,전통시장,2130298,58828,24995,33832
2021,4,R,전통시장,2130297,76712,33504,43208
2021,4,R,전통시장,2130296,44379,20705,23674
2021,4,R,전통시장,2130295,270182,124865,145317
2021,4,R,전통시장,2130294,283599,132206,151392
2021,4,R,전통시장,2130293,60267,28593,31673
2021,4,R,전통시장,2130292,79120,36840,42282
2021,4,R,전통시장,2130291,20278,9594,10686
2021,4,R,전통시장,2130290,591916,276619,315299
2021,4,R,전통시장,2130289,59547,28471,31077
2021,4,R,전통시장,2130288,13907,7114,6794
2021,4,R,전통시장,2130287,264547,139829,124718
2021,4,R,전통시장,2130286,53992,28628,25363
2021,4,R,전통시장,2130285,928870,471747,457123
2021,4,R,전통시장,2130284,73926,36896,37030
2021,4,R,전통시장,2130283,990169,496086,494083
2021,4,R,전통시장,2130282,147147,69440,77708
2021,4,R,전통시장,2130281,64711,30813,33899
2021,4,R,전통시장,2130280,26962,12649,14311
2021,4,R,전통시장,2130279,416428,196179,220249
2021,4,R,전통시장,2130278,322227,148828,173398
2021,4,R,전통시장,2130277,245718,118644,127073
2021,4,R,전통시장,2130276,85565,41575,43990
2021,4,R,전통시장,2130275,192909,103584,89325
2021,4,R,전통시장,2130274,408149,205137,203011
2021,4,R,전통시장,2130273,834517,377212,457306
2021,4,R,전통시장,2130272,44287,20660,23627
2021,4,R,전통시장,2130271,357057,164316,192740
2021,4,R,전통시장,2130270,106144,48926,57219
2021,4,R,전통시장,2130269,40896,19301,21595
2021,4,R,전통시장,2130268,361640,166110,195530
2021,4,R,전통시장,2130267,66361,32310,34051
2021,4,R,전통시장,2130266,88487,50789,37698
2021,4,R,전통시장,2130265,76396,44317,32079
2021,4,R,전통시장,2130264,443721,195858,247863
2021,4,R,전통시장,2130263,21173,9926,11246
2021,4,R,전통시장,2130262,304910,140754,164155
2021,4,R,전통시장,2130261,342111,150827,191285
2021,4,R,전통시장,2130260,96008,44588,51421
2021,4,R,전통시장,2130259,130497,60353,70144
2021,4,R,전통시장,2130258,28549,12726,15823
2021,4,R,전통시장,2130257,185350,101509,83841
2021,4,R,전통시장,2130256,27613,12692,14922
2021,4,R,전통시장,2130255,333381,179327,154055
2021,4,R,전통시장,2130254,22187,11803,10384
2021,4,R,전통시장,2130253,24571,13147,11425
2021,4,R,전통시장,2130252,48751,24493,24257
2021,4,R,전통시장,2130251,38103,20749,17354
2021,4,R,전통시장,2130250,24571,13147,11425
2021,4,R,전통시장,2130249,26279,13828,12453
2021,4,R,전통시장,2130248,27673,13886,13787
2021,4,R,전통시장,2130247,341839,159424,182414
2021,4,R,전통시장,2130246,872642,422182,450460
2021,4,R,전통시장,2130245,176329,80721,95609
2021,4,R,전통시장,2130244,476587,238714,237873
2021,4,R,전통시장,2130243,24682,12146,12538
2021,4,R,전통시장,2130242,348875,175980,172895
2021,4,R,전통시장,2130241,311621,156745,154876
2021,4,R,전통시장,2130240,28055,14329,13725
2021,4,R,전통시장,2130239,22357,11380,10975
2021,4,R,전통시장,2130238,354336,163195,191140
2021,4,R,전통시장,2130237,12355,6894,5461
2021,4,R,전통시장,2130236,518739,239265,279474
2021,4,R,전통시장,2130235,167370,81107,86262
2021,4,R,전통시장,2130234,85885,42540,43344
2021,4,R,전통시장,2130233,123203,59678,63525
2021,4,R,전통시장,2130232,136442,67139,69302
2021,4,R,전통시장,2130231,142321,74409,67912
2021,4,R,전통시장,2130230,61858,36329,25529
2021,4,R,전통시장,2130229,662489,322386,340102
2021,4,R,전통시장,2130228,158132,81236,76897
2021,4,R,전통시장,2130227,117494,54816,62677
2021,4,R,전통시장,2130226,31863,14714,17149
2021,4,R,전통시장,2130225,488353,223440,264912
2021,4,R,전통시장,2130224,4679,2274,2405
2021,4,R,전통시장,2130223,96908,46226,50681
2021,4,R,전통시장,2130222,43558,21245,22313
2021,4,R,전통시장,2130221,669556,300477,369079
2021,4,R,전통시장,2130220,35043,16051,18992
2021,4,R,전통시장,2130219,1366888,633229,733661
2021,4,R,전통시장,2130218,59803,27224,32579
2021,4,R,전통시장,2130217,130873,60768,70106
2021,4,R,전통시장,2130216,267515,117697,149818
2021,4,R,전통시장,2130215,60381,27779,32604
2021,4,R,전통시장,2130214,68431,30272,38161
2021,4,R,전통시장,2130213,122608,59352,63258
2021,4,R,전통시장,2130212,196233,100268,95965
2021,4,R,전통시장,2130211,293793,138265,155528
2021,4,R,전통시장,2130210,284276,131043,153233
2021,4,R,전통시장,2130209,308836,150433,158403
2021,4,R,전통시장,2130208,356682,156519,200163
2021,4,R,전통시장,2130207,24707,11698,13010
2021,4,R,전통시장,2130206,47116,21971,25145
2021,4,R,전통시장,2130205,35176,16071,19105
2021,4,R,전통시장,2130204,178430,84389,94042
2021,4,R,전통시장,2130203,82208,37552,44657
2021,4,R,전통시장,2130202,230150,102772,127380
2021,4,R,전통시장,2130201,173915,80397,93520
2021,4,R,전통시장,2130200,64874,30588,34288
2021,4,R,전통시장,2130199,454567,222719,231847
2021,4,R,전통시장,2130198,254973,113408,141566
2021,4,R,전통시장,2130197,48919,23444,25475
2021,4,R,전통시장,2130196,32524,15586,16940
2021,4,R,전통시장,2130195,912982,427437,485545
2021,4,R,전통시장,2130194,594234,284382,309854
2021,4,R,전통시장,2130193,29466,13587,15878
2021,4,R,전통시장,2130192,48977,21389,27589
2021,4,R,전통시장,2130191,526097,231582,294515
2021,4,R,전통시장,2130190,471512,217798,253714
2021,4,R,전통시장,2130189,87470,40157,47314
2021,4,R,전통시장,2130188,67327,30469,36859
2021,4,R,전통시장,2130187,44244,19763,24480
2021,4,R,전통시장,2130186,434861,182638,252222
2021,4,R,전통시장,2130185,386959,171390,215569
2021,4,R,전통시장,2130184,6804,3176,3628
2021,4,R,전통시장,2130183,644422,326329,318094
2021,4,R,전통시장,2130182,351522,165320,186201
2021,4,R,전통시장,2130181,890185,441384,448800
2021,4,R,전통시장,2130180,268724,123211,145513
2021,4,R,전통시장,2130179,913917,304056,609861
2021,4,R,전통시장,2130178,35269,12004,23265
2021,4,R,전통시장,2130177,121641,53646,67994
2021,4,R,전통시장,2130176,21711,9597,12115
2021,4,R,전통시장,2130175,79497,37445,42052
2021,4,R,전통시장,2130174,25682,11866,13816
2021,4,R,전통시장,2130173,47541,22113,25429
2021,4,R,전통시장,2130172,215425,98493,116933
2021,4,R,전통시장,2130171,611646,261331,350316
2021,4,R,전통시장,2130170,40220,17671,22549
2021,4,R,전통시장,2130169,395824,177849,217975
2021,4,R,전통시장,2130168,193585,88635,104951
2021,4,R,전통시장,2130167,1613742,744063,869678
2021,4,R,전통시장,2130166,41239,18271,22967
2021,4,R,전통시장,2130165,167516,75018,92497
2021,4,R,전통시장,2130164,28677,12734,15942
2021,4,R,전통시장,2130163,501562,233879,267682
2021,4,R,전통시장,2130162,153424,70933,82492
2021,4,R,전통시장,2130161,12400,6013,6387
2021,4,R,전통시장,2130160,59397,31320,28076
2021,4,R,전통시장,2130159,467208,211807,255401
2021,4,R,전통시장,2130158,197313,88333,108980
2021,4,R,전통시장,2130157,1186390,544965,641425
2021,4,R,전통시장,2130156,55901,22727,33174
2021,4,R,전통시장,2130155,34503,14311,20192
2021,4,R,전통시장,2130154,33236,14702,18533
2021,4,R,전통시장,2130153,137308,65355,71953
2021,4,R,전통시장,2130152,161687,82117,79568
2021,4,R,전통시장,2130151,41945,20374,21570
2021,4,R,전통시장,2130150,517719,242429,275292
2021,4,R,전통시장,2130149,703824,318299,385526
2021,4,R,전통시장,2130148,309265,144598,164668
2021,4,R,전통시장,2130147,695962,312523,383439
2021,4,R,전통시장,2130146,1619464,728793,890672
2021,4,R,전통시장,2130145,140953,65765,75189
2021,4,R,전통시장,2130144,136125,58111,78015
2021,4,R,전통시장,2130143,283270,131839,151433
2021,4,R,전통시장,2130142,37204,17908,19298
2021,4,R,전통시장,2130141,311917,147819,164098
2021,4,R,전통시장,2130140,28477,11987,16489
2021,4,R,전통시장,2130139,452575,208608,243968
2021,4,R,전통시장,2130138,42635,19647,22987
2021,4,R,전통시장,2130137,258605,117944,140660
2021,4,R,전통시장,2130136,229968,105997,123971
2021,4,R,전통시장,2130135,255857,125924,129934
2021,4,R,전통시장,2130134,95014,41882,53132
2021,4,R,전통시장,2130133,432169,192310,239859
2021,4,R,전통시장,2130132,233471,110088,123385
2021,4,R,전통시장,2130131,49575,22333,27241
2021,4,R,전통시장,2130130,24631,11833,12800
2021,4,R,전통시장,2130129,354692,153000,201692
2021,4,R,전통시장,2130128,569572,260043,309530
2021,4,R,전통시장,2130127,31027,14070,16956
2021,4,R,전통시장,2130126,29820,13808,16013
2021,4,R,전통시장,2130125,341303,151493,189810
2021,4,R,전통시장,2130124,9471,4490,4980
2021,4,R,전통시장,2130123,193634,88666,104969
2021,4,R,전통시장,2130122,29579,13267,16311
2021,4,R,전통시장,2130121,106252,48845,57407
2021,4,R,전통시장,2130120,764623,334874,429751
2021,4,R,전통시장,2130119,157380,70668,86712
2021,4,R,전통시장,2130118,193057,90289,102768
2021,4,R,전통시장,2130117,323063,157365,165698
2021,4,R,전통시장,2130116,26072,12074,13999
2021,4,R,전통시장,2130115,710173,330124,380050
2021,4,R,전통시장,2130114,34760,15825,18936
2021,4,R,전통시장,2130113,61527,27251,34276
2021,4,R,전통시장,2130112,601914,278978,322936
2021,4,R,전통시장,2130111,917592,417102,500490
2021,4,R,전통시장,2130110,528721,247268,281454
2021,4,R,전통시장,2130109,128807,61599,67210
2021,4,R,전통시장,2130108,49136,23161,25975
2021,4,R,전통시장,2130107,56875,27882,28994
2021,4,R,전통시장,2130106,582321,282754,299567
2021,4,R,전통시장,2130105,219113,99256,119857
2021,4,R,전통시장,2130104,74601,36836,37765
2021,4,R,전통시장,2130103,36298,16120,20177
2021,4,R,전통시장,2130102,35744,15892,19854
2021,4,R,전통시장,2130101,294942,139116,155826
2021,4,R,전통시장,2130100,289226,132520,156706
2021,4,R,전통시장,2130099,252661,117188,135474
2021,4,R,전통시장,2130098,199047,88831,110216
2021,4,R,전통시장,2130097,504485,235330,269156
2021,4,R,전통시장,2130096,53929,26456,27473
2021,4,R,전통시장,2130095,277918,145119,132799
2021,4,R,전통시장,2130094,193642,99994,93648
2021,4,R,전통시장,2130093,40627,20770,19856
2021,4,R,전통시장,2130092,249419,127638,121781
2021,4,R,전통시장,2130091,419425,215677,203747
2021,4,R,전통시장,2130090,193950,98284,95666
2021,4,R,전통시장,2130089,65564,32294,33270
2021,4,R,전통시장,2130088,53036,26437,26600
2021,4,R,전통시장,2130087,129637,65417,64218
2021,4,R,전통시장,2130086,1044660,517205,527456
2021,4,R,전통시장,2130085,37775,18608,19167
2021,4,R,전통시장,2130084,192441,89758,102684
2021,4,R,전통시장,2130083,253797,113988,139810
2021,4,R,전통시장,2130082,48169,24472,23697
2021,4,R,전통시장,2130081,879230,396597,482632
2021,4,R,전통시장,2130080,46842,21645,25195
2021,4,R,전통시장,2130079,69502,32424,37078
2021,4,R,전통시장,2130078,419159,199657,219502
2021,4,R,전통시장,2130077,50535,23516,27019
2021,4,R,전통시장,2130076,257701,116794,140907
2021,4,R,전통시장,2130075,74298,34150,40149
2021,4,R,전통시장,2130074,258623,124665,133958
2021,4,R,전통시장,2130073,218395,109335,109060
2021,4,R,전통시장,2130072,1113868,526792,587075
2021,4,R,전통시장,2130071,38241,20074,18167
2021,4,R,전통시장,2130070,541361,269276,272085
2021,4,R,전통시장,2130069,392912,186306,206606
2021,4,R,전통시장,2130068,671715,336699,335016
2021,4,R,전통시장,2130067,1137082,547231,589851
2021,4,R,전통시장,2130066,554436,262497,291939
2021,4,R,전통시장,2130065,571302,256022,315279
2021,4,R,전통시장,2130064,102533,46249,56285
2021,4,R,전통시장,2130063,143326,63695,79631
2021,4,R,전통시장,2130062,28563,14210,14352
2021,4,R,전통시장,2130061,15433,7464,7968
2021,4,R,전통시장,2130060,83597,36925,46673
2021,4,R,전통시장,2130059,71094,34102,36992
2021,4,R,전통시장,2130058,58778,25676,33103
2021,4,R,전통시장,2130057,20266,9825,10441
2021,4,R,전통시장,2130056,592155,282791,309363
2021,4,R,전통시장,2130055,486468,228106,258362
2021,4,R,전통시장,2130054,1096927,526615,570312
2021,4,R,전통시장,2130053,530783,252247,278536
2021,4,R,전통시장,2130052,1421253,671223,750029
2021,4,R,전통시장,2130051,585464,276741,308725
2021,4,R,전통시장,2130050,63104,30917,32187
2021,4,R,전통시장,2130049,151882,76091,75791
2021,4,R,전통시장,2130048,76799,36919,39880
2021,4,R,전통시장,2130047,76799,36919,39880
2021,4,R,전통시장,2130046,76799,36919,39880
2021,4,R,전통시장,2130045,76799,36919,39880
2021,4,R,전통시장,2130044,68890,32984,35906
2021,4,R,전통시장,2130042,353221,169627,183594
2021,4,R,전통시장,2130041,58137,27887,30250
2021,4,R,전통시장,2130039,86520,40470,46051
2021,4,R,전통시장,2130038,70202,35529,34673
2021,4,R,전통시장,2130037,40152,23763,16389
2021,4,R,전통시장,2130036,881911,530828,351083
2021,4,R,전통시장,2130035,547872,342865,205006
2021,4,R,전통시장,2130034,27882,14974,12908
2021,4,R,전통시장,2130033,28809,18062,10748
2021,4,R,전통시장,2130032,82613,48842,33771
2021,4,R,전통시장,2130031,177850,101674,76176
2021,4,R,전통시장,2130030,42151,22962,19189
2021,4,R,전통시장,2130029,36842,18643,18201
2021,4,R,전통시장,2130028,49849,26232,23617
2021,4,R,전통시장,2130027,89118,46549,42570
2021,4,R,전통시장,2130026,92346,48304,44042
2021,4,R,전통시장,2130025,83081,36030,47052
2021,4,R,전통시장,2130024,632571,279668,352903
2021,4,R,전통시장,2130023,60301,28864,31437
2021,4,R,전통시장,2130022,65102,30372,34729
2021,4,R,전통시장,2130021,45870,24594,21277
2021,4,R,전통시장,2130020,230676,119810,110867
2021,4,R,전통시장,2130019,33853,17416,16437
2021,4,R,전통시장,2130018,237303,119988,117314
2021,4,R,전통시장,2130017,51030,25353,25676
2021,4,R,전통시장,2130016,52295,25938,26357
2021,4,R,전통시장,2130015,492260,228145,264114
2021,4,R,전통시장,2130014,52295,25938,26357
2021,4,R,전통시장,2130013,52295,25938,26357
2021,4,R,전통시장,2130012,127864,68287,59577
2021,4,R,전통시장,2130011,110915,60167,50748
2021,4,R,전통시장,2130010,345952,184999,160953
2021,4,R,전통시장,2130009,69914,37386,32528
2021,4,R,전통시장,2130008,45435,24933,20502
2021,4,R,전통시장,2130007,263830,149781,114048
2021,4,R,전통시장,2130006,37075,21618,15457
2021,4,R,전통시장,2130005,36703,21397,15306
2021,4,R,전통시장,2130004,117669,72127,45542
2021,4,R,전통시장,2130003,55283,31275,24009
2021,4,R,전통시장,2130002,329663,157175,172486
2021,4,R,전통시장,2130001,264874,115131,149744
2021,4,D,발달상권,2120249,473458,233708,239750
2021,4,D,발달상권,2120248,1603162,705796,897366
2021,4,D,발달상권,2120247,569751,258173,311578
2021,4,D,발달상권,2120246,2797112,1315802,1481310
2021,4,D,발달상권,2120245,1141504,592625,548881
2021,4,D,발달상권,2120244,628411,300039,328371
2021,4,D,발달상권,2120243,1000048,457180,542869
2021,4,D,발달상권,2120242,1691545,802087,889459
2021,4,D,발달상권,2120241,654826,307618,347209
2021,4,D,발달상권,2120240,1991992,904858,1087133
2021,4,D,발달상권,2120239,1346509,634427,712082
2021,4,D,발달상권,2120238,266058,124089,141968
2021,4,D,발달상권,2120237,2571489,1244637,1326851
2021,4,D,발달상권,2120236,251349,121619,129728
2021,4,D,발달상권,2120235,445013,230165,214848
2021,4,D,발달상권,2120234,1475407,759067,716340
2021,4,D,발달상권,2120233,1036252,493058,543194
2021,4,D,발달상권,2120232,470722,224270,246452
2021,4,D,발달상권,2120231,57678,28678,29003
2021,4,D,발달상권,2120230,698136,318873,379265
2021,4,D,발달상권,2120229,1535059,803980,731077
2021,4,D,발달상권,2120228,1757729,805507,952223
2021,4,D,발달상권,2120227,1454481,693652,760828
2021,4,D,발달상권,2120226,812569,375729,436839
2021,4,D,발달상권,2120225,2348323,1159415,1188908
2021,4,D,발달상권,2120224,215044,109966,105079
2021,4,D,발달상권,2120223,224034,126312,97722
2021,4,D,발달상권,2120222,955425,514368,441057
2021,4,D,발달상권,2120221,381528,195551,185977
2021,4,D,발달상권,2120220,493352,231605,261747
2021,4,D,발달상권,2120219,989598,496740,492858
2021,4,D,발달상권,2120218,47457,23441,24016
2021,4,D,발달상권,2120217,1353626,709427,644198
2021,4,D,발달상권,2120216,205067,103695,101372
2021,4,D,발달상권,2120215,2982660,1616199,1366460
2021,4,D,발달상권,2120214,273556,134763,138794
2021,4,D,발달상권,2120213,1594737,800382,794356
2021,4,D,발달상권,2120212,1005907,458204,547704
2021,4,D,발달상권,2120211,1029586,451922,577663
2021,4,D,발달상권,2120210,4717980,2360638,2357341
2021,4,D,발달상권,2120209,562020,253242,308778
2021,4,D,발달상권,2120208,1467990,662745,805245
2021,4,D,발달상권,2120207,1721109,863472,857637
2021,4,D,발달상권,2120206,1090631,534668,555962
2021,4,D,발달상권,2120205,561750,282163,279587
2021,4,D,발달상권,2120204,1370476,723382,647094
2021,4,D,발달상권,2120203,1645561,813472,832089
2021,4,D,발달상권,2120202,2085925,926962,1158962
2021,4,D,발달상권,2120201,987189,478440,508749
2021,4,D,발달상권,2120200,1270618,601230,669388
2021,4,D,발달상권,2120199,555489,292421,263068
2021,4,D,발달상권,2120198,2093925,1102491,991432
2021,4,D,발달상권,2120197,3422614,1888319,1534294
2021,4,D,발달상권,2120196,698845,361748,337097
2021,4,D,발달상권,2120195,959541,428112,531428
2021,4,D,발달상권,2120194,1710881,871268,839611
2021,4,D,발달상권,2120193,649217,325213,324004
2021,4,D,발달상권,2120192,1693277,868357,824920
2021,4,D,발달상권,2120191,1672410,839003,833408
2021,4,D,발달상권,2120190,1516335,747441,768894
2021,4,D,발달상권,2120189,6080322,3068561,3011761
2021,4,D,발달상권,2120188,1860538,820867,1039672
2021,4,D,발달상권,2120187,2806794,1414042,1392752
2021,4,D,발달상권,2120186,2126297,978400,1147896
2021,4,D,발달상권,2120185,2557984,1290676,1267307
2021,4,D,발달상권,2120184,1919851,1006624,913227
2021,4,D,발달상권,2120183,437686,224165,213522
2021,4,D,발달상권,2120182,599660,311891,287768
2021,4,D,발달상권,2120181,423860,222452,201407
2021,4,D,발달상권,2120180,26536,14514,12022
2021,4,D,발달상권,2120179,2352775,1188901,1163873
2021,4,D,발달상권,2120178,2879385,1439102,1440283
2021,4,D,발달상권,2120177,1358062,661764,696298
2021,4,D,발달상권,2120176,1388835,686226,702608
2021,4,D,발달상권,2120175,1253548,622682,630867
2021,4,D,발달상권,2120174,229275,120371,108905
2021,4,D,발달상권,2120173,3867681,1972006,1895676
2021,4,D,발달상권,2120172,1762305,935109,827197
2021,4,D,발달상권,2120171,1200006,605661,594344
2021,4,D,발달상권,2120170,1083465,491440,592024
2021,4,D,발달상권,2120169,1294088,713337,580752
2021,4,D,발달상권,2120168,455970,222329,233641
2021,4,D,발달상권,2120167,605663,270432,335231
2021,4,D,발달상권,2120166,822189,387776,434412
2021,4,D,발달상권,2120165,867065,386932,480134
2021,4,D,발달상권,2120164,1196473,550714,645758
2021,4,D,발달상권,2120163,1462708,625509,837199
2021,4,D,발달상권,2120162,647221,295894,351327
2021,4,D,발달상권,2120161,416058,197196,218862
2021,4,D,발달상권,2120160,1973484,958448,1015036
2021,4,D,발달상권,2120159,2469962,1181558,1288403
2021,4,D,발달상권,2120158,710530,406660,303870
2021,4,D,발달상권,2120157,3248346,1685027,1563320
2021,4,D,발달상권,2120156,2759827,1254177,1505651
2021,4,D,발달상권,2120155,220466,101259,119207
2021,4,D,발달상권,2120154,425457,193952,231505
2021,4,D,발달상권,2120153,1380940,756961,623980
2021,4,D,발달상권,2120152,737816,338858,398957
2021,4,D,발달상권,2120151,1142263,548257,594006
2021,4,D,발달상권,2120150,59668,30455,29212
2021,4,D,발달상권,2120149,1552127,864892,687236
2021,4,D,발달상권,2120148,432260,249500,182762
2021,4,D,발달상권,2120147,622309,304791,317517
2021,4,D,발달상권,2120146,425951,228889,197064
2021,4,D,발달상권,2120145,2874221,1484762,1389458
2021,4,D,발달상권,2120144,1522755,711658,811098
2021,4,D,발달상권,2120143,989925,473970,515954
2021,4,D,발달상권,2120142,1335371,666065,669306
2021,4,D,발달상권,2120141,342719,169783,172936
2021,4,D,발달상권,2120140,136949,67785,69165
2021,4,D,발달상권,2120139,878590,439102,439488
2021,4,D,발달상권,2120138,432983,202845,230138
2021,4,D,발달상권,2120137,73420,33481,39939
2021,4,D,발달상권,2120136,1919551,942213,977337
2021,4,D,발달상권,2120135,114666,57457,57209
2021,4,D,발달상권,2120134,632021,319037,312983
2021,4,D,발달상권,2120133,117823,57083,60740
2021,4,D,발달상권,2120132,1175864,631494,544371
2021,4,D,발달상권,2120131,1125963,660714,465251
2021,4,D,발달상권,2120130,1224021,664140,559879
2021,4,D,발달상권,2120129,933510,516300,417209
2021,4,D,발달상권,2120128,498558,230456,268102
2021,4,D,발달상권,2120127,727614,361547,366067
2021,4,D,발달상권,2120126,184680,109050,75631
2021,4,D,발달상권,2120125,527965,265774,262191
2021,4,D,발달상권,2120124,781445,364364,417082
2021,4,D,발달상권,2120123,447864,219170,228695
2021,4,D,발달상권,2120122,1510001,725655,784346
2021,4,D,발달상권,2120121,1794630,846243,948385
2021,4,D,발달상권,2120120,1193711,551242,642468
2021,4,D,발달상권,2120119,767121,358444,408676
2021,4,D,발달상권,2120118,83272,42076,41198
2021,4,D,발달상권,2120117,8009,4402,3608
2021,4,D,발달상권,2120116,189631,95500,94129
2021,4,D,발달상권,2120115,15294,7604,7689
2021,4,D,발달상권,2120114,1589832,738852,850980
2021,4,D,발달상권,2120113,1439126,658769,780357
2021,4,D,발달상권,2120112,1237486,575588,661898
2021,4,D,발달상권,2120111,729787,344212,385576
2021,4,D,발달상권,2120110,958915,455385,503530
2021,4,D,발달상권,2120109,583525,271694,311831
2021,4,D,발달상권,2120108,854244,407684,446559
2021,4,D,발달상권,2120107,1827995,848955,979040
2021,4,D,발달상권,2120106,1606404,775204,831200
2021,4,D,발달상권,2120105,692016,323147,368869
2021,4,D,발달상권,2120104,3974770,1798293,2176477
2021,4,D,발달상권,2120103,3446374,1624552,1821823
2021,4,D,발달상권,2120102,2432354,1126328,1306025
2021,4,D,발달상권,2120101,1419788,641168,778620
2021,4,D,발달상권,2120100,613223,268576,344647
2021,4,D,발달상권,2120099,5338,2545,2793
2021,4,D,발달상권,2120098,344687,179900,164786
2021,4,D,발달상권,2120097,343933,170582,173350
2021,4,D,발달상권,2120096,1070490,387547,682943
2021,4,D,발달상권,2120095,916305,408691,507614
2021,4,D,발달상권,2120094,4622454,2149966,2472487
2021,4,D,발달상권,2120093,447018,209908,237111
2021,4,D,발달상권,2120092,653766,292987,360779
2021,4,D,발달상권,2120091,932714,411251,521463
2021,4,D,발달상권,2120090,1891478,876609,1014869
2021,4,D,발달상권,2120089,157181,72246,84935
2021,4,D,발달상권,2120088,373762,157728,216034
2021,4,D,발달상권,2120087,1016036,452887,563150
2021,4,D,발달상권,2120086,308117,149848,158269
2021,4,D,발달상권,2120085,549489,255738,293751
2021,4,D,발달상권,2120084,869985,423101,446884
2021,4,D,발달상권,2120083,317156,142403,174752
2021,4,D,발달상권,2120082,217943,91483,126460
2021,4,D,발달상권,2120081,3913845,1742190,2171654
2021,4,D,발달상권,2120080,126526,53366,73159
2021,4,D,발달상권,2120079,333463,154112,179350
2021,4,D,발달상권,2120078,768834,335894,432939
2021,4,D,발달상권,2120077,916203,419722,496480
2021,4,D,발달상권,2120076,3030656,1453087,1577570
2021,4,D,발달상권,2120075,557629,255139,302489
2021,4,D,발달상권,2120074,390444,203144,187300
2021,4,D,발달상권,2120073,154882,66538,88344
2021,4,D,발달상권,2120072,2666022,1110579,1555445
2021,4,D,발달상권,2120071,524525,235300,289225
2021,4,D,발달상권,2120070,450771,201625,249146
2021,4,D,발달상권,2120069,1586209,726832,859378
2021,4,D,발달상권,2120068,284269,133717,150552
2021,4,D,발달상권,2120067,1663712,805231,858481
2021,4,D,발달상권,2120066,1503746,774372,729373
2021,4,D,발달상권,2120065,975235,447278,527956
2021,4,D,발달상권,2120064,956550,415643,540905
2021,4,D,발달상권,2120063,689461,333068,356393
2021,4,D,발달상권,2120062,1029913,525404,504509
2021,4,D,발달상권,2120061,382593,171542,211050
2021,4,D,발달상권,2120060,192229,92318,99911
2021,4,D,발달상권,2120059,1240013,557027,682988
2021,4,D,발달상권,2120058,545920,250617,295303
2021,4,D,발달상권,2120057,1101261,483731,617531
2021,4,D,발달상권,2120056,1289694,629174,660521
2021,4,D,발달상권,2120055,1992927,950528,1042398
2021,4,D,발달상권,2120054,1301764,628211,673553
2021,4,D,발달상권,2120053,2486686,1147915,1338772
2021,4,D,발달상권,2120052,1168895,626833,542063
2021,4,D,발달상권,2120051,1411674,708438,703236
2021,4,D,발달상권,2120050,123704,60408,63297
2021,4,D,발달상권,2120049,1368286,638706,729580
2021,4,D,발달상권,2120048,261068,119912,141155
2021,4,D,발달상권,2120047,561258,267724,293534
2021,4,D,발달상권,2120046,1104045,556193,547853
2021,4,D,발달상권,2120045,128185,68076,60109
2021,4,D,발달상권,2120044,353796,188465,165331
2021,4,D,발달상권,2120043,604606,330850,273756
2021,4,D,발달상권,2120042,183896,94388,89509
2021,4,D,발달상권,2120041,1356306,719686,636620
2021,4,D,발달상권,2120040,688876,390438,298438
2021,4,D,발달상권,2120039,2193159,1052738,1140420
2021,4,D,발달상권,2120038,813004,390640,422365
2021,4,D,발달상권,2120037,1401992,693202,708791
2021,4,D,발달상권,2120036,205271,106132,99139
2021,4,D,발달상권,2120035,270195,147248,122946
2021,4,D,발달상권,2120034,510759,284022,226737
2021,4,D,발달상권,2120033,537141,332937,204204
2021,4,D,발달상권,2120032,1015264,571927,443337
2021,4,D,발달상권,2120031,1546440,895221,651219
2021,4,D,발달상권,2120030,931799,510373,421426
2021,4,D,발달상권,2120029,79533,41431,38101
2021,4,D,발달상권,2120028,1052545,545673,506872
2021,4,D,발달상권,2120027,525440,251488,273951
2021,4,D,발달상권,2120026,642717,353234,289484
2021,4,D,발달상권,2120025,98272,51422,46850
2021,4,D,발달상권,2120024,368274,171261,197013
2021,4,D,발달상권,2120023,370902,195284,175619
2021,4,D,발달상권,2120022,364641,191988,172651
2021,4,D,발달상권,2120021,372872,211686,161186
2021,4,D,발달상권,2120020,62174,32184,29990
2021,4,D,발달상권,2120019,239945,124289,115656
2021,4,D,발달상권,2120018,328093,168302,159792
2021,4,D,발달상권,2120017,566622,277673,288949
2021,4,D,발달상권,2120016,467065,231644,235421
2021,4,D,발달상권,2120015,153101,82100,71000
2021,4,D,발달상권,2120014,647090,353947,293143
2021,4,D,발달상권,2120013,529095,272158,256937
2021,4,D,발달상권,2120012,2393009,1034359,1358650
2021,4,D,발달상권,2120011,139396,79755,59642
2021,4,D,발달상권,2120010,430120,224977,205141
2021,4,D,발달상권,2120009,1828943,1041976,786967
2021,4,D,발달상권,2120008,302785,163933,138852
2021,4,D,발달상권,2120007,383316,190377,192939
2021,4,D,발달상권,2120006,1282810,725103,557709
2021,4,D,발달상권,2120005,149915,71700,78215
2021,4,D,발달상권,2120004,257919,138035,119883
2021,4,D,발달상권,2120003,1002477,498777,503700
2021,4,D,발달상권,2120002,886163,397727,488436
2021,4,D,발달상권,2120001,876945,467896,409050
2021,4,A,골목상권,2111090,70137,34372,35766
2021,4,A,골목상권,2111089,861179,411266,449912
2021,4,A,골목상권,2111088,435291,201426,233865
2021,4,A,골목상권,2111087,192202,95661,96540
2021,4,A,골목상권,2111086,305276,139729,165545
2021,4,A,골목상권,2111085,795391,389456,405936
2021,4,A,골목상권,2111084,173406,79750,93656
2021,4,A,골목상권,2111083,1028161,460737,567424
2021,4,A,골목상권,2111082,143133,67489,75644
2021,4,A,골목상권,2111081,313600,146976,166626
2021,4,A,골목상권,2111080,738664,328760,409905
2021,4,A,골목상권,2111079,530970,257205,273763
2021,4,A,골목상권,2111078,3849603,1758936,2090666
2021,4,A,골목상권,2111077,3642577,1658366,1984211
2021,4,A,골목상권,2111076,498193,237850,260343
2021,4,A,골목상권,2111075,1542559,693153,849407
2021,4,A,골목상권,2111074,719728,323433,396293
2021,4,A,골목상권,2111073,3296542,1612434,1684108
2021,4,A,골목상권,2111072,2664807,1232836,1431972
2021,4,A,골목상권,2111071,528203,246529,281673
2021,4,A,골목상권,2111070,2002958,923093,1079864
2021,4,A,골목상권,2111069,3130233,1466387,1663845
2021,4,A,골목상권,2111068,196617,92510,104106
2021,4,A,골목상권,2111067,3117692,1480616,1637075
2021,4,A,골목상권,2111066,1706590,819020,887570
2021,4,A,골목상권,2111065,527390,252477,274914
2021,4,A,골목상권,2111064,861294,410507,450786
2021,4,A,골목상권,2111063,1651932,796734,855198
2021,4,A,골목상권,2111062,1608295,815285,793010
2021,4,A,골목상권,2111061,3450163,1618064,1832099
2021,4,A,골목상권,2111060,3496715,1633806,1862908
2021,4,A,골목상권,2111059,3916204,1875146,2041058
2021,4,A,골목상권,2111058,639398,298024,341373
2021,4,A,골목상권,2111057,997261,472027,525234
2021,4,A,골목상권,2111056,241986,114292,127693
2021,4,A,골목상권,2111055,18851,9289,9563
2021,4,A,골목상권,2111054,247879,117112,130766
2021,4,A,골목상권,2111053,1348407,641642,706765
2021,4,A,골목상권,2111052,1079475,516176,563299
2021,4,A,골목상권,2111051,3008013,1393123,1614891
2021,4,A,골목상권,2111050,403610,181116,222495
2021,4,A,골목상권,2111049,1371641,647447,724195
2021,4,A,골목상권,2111048,1086739,517615,569124
2021,4,A,골목상권,2111047,263447,125412,138035
2021,4,A,골목상권,2111046,1621178,768528,852653
2021,4,A,골목상권,2111045,293406,137336,156071
2021,4,A,골목상권,2111044,1045184,492226,552957
2021,4,A,골목상권,2111043,709280,335193,374087
2021,4,A,골목상권,2111042,1810367,856835,953532
2021,4,A,골목상권,2111041,186583,87993,98589
2021,4,A,골목상권,2111040,592433,282064,310367
2021,4,A,골목상권,2111039,738217,351596,386622
2021,4,A,골목상권,2111038,316870,158186,158685
2021,4,A,골목상권,2111037,168176,80297,87879
2021,4,A,골목상권,2111036,460271,214679,245594
2021,4,A,골목상권,2111035,892862,409269,483592
2021,4,A,골목상권,2111034,885538,417987,467552
2021,4,A,골목상권,2111033,43102,20417,22687
2021,4,A,골목상권,2111032,456149,209282,246866
2021,4,A,골목상권,2111031,822835,380344,442492
2021,4,A,골목상권,2111030,937649,430920,506729
2021,4,A,골목상권,2111029,208683,94420,114264
2021,4,A,골목상권,2111028,951911,452165,499746
2021,4,A,골목상권,2111027,1165442,556113,609328
2021,4,A,골목상권,2111026,1148183,570272,577910
2021,4,A,골목상권,2111025,958088,440429,517660
2021,4,A,골목상권,2111024,340731,164746,175986
2021,4,A,골목상권,2111023,832009,422583,409426
2021,4,A,골목상권,2111022,390714,183386,207328
2021,4,A,골목상권,2111021,3291851,1577273,1714578
2021,4,A,골목상권,2111020,324701,156610,168091
2021,4,A,골목상권,2111019,1607836,761333,846503
2021,4,A,골목상권,2111018,110016,50831,59186
2021,4,A,골목상권,2111017,211902,99173,112729
2021,4,A,골목상권,2111016,500158,213798,286360
2021,4,A,골목상권,2111015,2266928,1018023,1248905
2021,4,A,골목상권,2111014,1128511,556798,571712
2021,4,A,골목상권,2111013,2275193,1033362,1241831
2021,4,A,골목상권,2111012,1229109,550416,678693
2021,4,A,골목상권,2111011,41572,19250,22323
2021,4,A,골목상권,2111010,1779318,814356,964963
2021,4,A,골목상권,2111009,352119,166030,186089
2021,4,A,골목상권,2111008,820743,378842,441901
2021,4,A,골목상권,2111007,1299326,604632,694695
2021,4,A,골목상권,2111006,2295496,1042983,1252513
2021,4,A,골목상권,2111005,1481800,689461,792339
2021,4,A,골목상권,2111004,2197522,1027436,1170086
2021,4,A,골목상권,2111003,1776265,829825,946440
2021,4,A,골목상권,2111002,1155,891,264
2021,4,A,골목상권,2111001,21202,10125,11076
2021,4,A,골목상권,2111000,22538,11312,11224
2021,4,A,골목상권,2110999,66700,31441,35259
2021,4,A,골목상권,2110998,110247,49080,61167
2021,4,A,골목상권,2110997,2124393,1020652,1103743
2021,4,A,골목상권,2110996,768489,412960,355530
2021,4,A,골목상권,2110995,517312,252239,265073
2021,4,A,골목상권,2110994,435840,209991,225850
2021,4,A,골목상권,2110993,16616,8757,7859
2021,4,A,골목상권,2110992,1968649,934348,1034301
2021,4,A,골목상권,2110991,193026,96087,96939
2021,4,A,골목상권,2110990,76086,38370,37716
2021,4,A,골목상권,2110989,706557,355560,350996
2021,4,A,골목상권,2110988,113408,57092,56315
2021,4,A,골목상권,2110987,293922,141931,151992
2021,4,A,골목상권,2110986,256859,126229,130631
2021,4,A,골목상권,2110985,207423,102166,105257
2021,4,A,골목상권,2110984,1084688,527956,556732
2021,4,A,골목상권,2110983,428592,195332,233260
2021,4,A,골목상권,2110982,172209,77886,94322
2021,4,A,골목상권,2110981,416640,212049,204590
2021,4,A,골목상권,2110980,597145,286871,310272
2021,4,A,골목상권,2110979,403264,179968,223296
2021,4,A,골목상권,2110978,13945,7307,6639
2021,4,A,골목상권,2110977,157451,78844,78607
2021,4,A,골목상권,2110976,674762,300512,374251
2021,4,A,골목상권,2110975,310300,141015,169285
2021,4,A,골목상권,2110974,658910,325668,333242
2021,4,A,골목상권,2110973,1088961,522012,566948
2021,4,A,골목상권,2110972,312783,141064,171719
2021,4,A,골목상권,2110971,664718,327231,337485
2021,4,A,골목상권,2110970,326570,162653,163916
2021,4,A,골목상권,2110969,775794,412405,363388
2021,4,A,골목상권,2110968,299730,150564,149166
2021,4,A,골목상권,2110967,648566,344101,304465
2021,4,A,골목상권,2110966,1782400,869871,912530
2021,4,A,골목상권,2110965,833217,416361,416855
2021,4,A,골목상권,2110964,247010,116901,130109
2021,4,A,골목상권,2110963,377754,181732,196023
2021,4,A,골목상권,2110962,127560,58077,69483
2021,4,A,골목상권,2110961,742255,383840,358414
2021,4,A,골목상권,2110960,95882,45763,50120
2021,4,A,골목상권,2110959,75407,34160,41248
2021,4,A,골목상권,2110958,367237,197925,169311
2021,4,A,골목상권,2110957,982393,501148,481245
2021,4,A,골목상권,2110956,231865,122188,109677
2021,4,A,골목상권,2110955,2943886,1431138,1512747
2021,4,A,골목상권,2110954,434245,199936,234309
2021,4,A,골목상권,2110953,399863,195192,204672
2021,4,A,골목상권,2110952,198851,98032,100821
2021,4,A,골목상권,2110951,517661,250378,267283
2021,4,A,골목상권,2110950,155091,74939,80152
2021,4,A,골목상권,2110949,353470,173491,179979
2021,4,A,골목상권,2110947,8225,4115,4111
2021,4,A,골목상권,2110946,5,3,2
2021,4,A,골목상권,2110945,17215,8836,8379
2021,4,A,골목상권,2110944,23659,10008,13651
2021,4,A,골목상권,2110943,519001,268173,250828
2021,4,A,골목상권,2110942,1977060,988066,988995
2021,4,A,골목상권,2110941,186366,95210,91156
2021,4,A,골목상권,2110940,406624,204639,201984
2021,4,A,골목상권,2110939,1997368,963043,1034325
2021,4,A,골목상권,2110938,250563,127977,122586
2021,4,A,골목상권,2110937,70930,35970,34960
2021,4,A,골목상권,2110936,199975,105347,94629
2021,4,A,골목상권,2110935,528204,263803,264401
2021,4,A,골목상권,2110934,404383,202018,202365
2021,4,A,골목상권,2110933,95904,49516,46387
2021,4,A,골목상권,2110932,230445,122629,107816
2021,4,A,골목상권,2110931,27536,13554,13982
2021,4,A,골목상권,2110930,615033,304074,310960
2021,4,A,골목상권,2110929,1410584,672596,737988
2021,4,A,골목상권,2110928,175209,96173,79036
2021,4,A,골목상권,2110927,137371,62957,74414
2021,4,A,골목상권,2110926,1095698,521887,573810
2021,4,A,골목상권,2110925,638776,316541,322235
2021,4,A,골목상권,2110924,569615,242690,326925
2021,4,A,골목상권,2110923,76937,36891,40045
2021,4,A,골목상권,2110922,930740,411136,519604
2021,4,A,골목상권,2110921,514101,235082,279018
2021,4,A,골목상권,2110920,27803,13643,14160
2021,4,A,골목상권,2110919,843215,387134,456081
2021,4,A,골목상권,2110918,935460,442979,492481
2021,4,A,골목상권,2110917,90025,41114,48912
2021,4,A,골목상권,2110916,837173,388241,448933
2021,4,A,골목상권,2110915,175143,78219,96924
2021,4,A,골목상권,2110914,152243,69920,82324
2021,4,A,골목상권,2110913,1034311,464162,570150
2021,4,A,골목상권,2110912,222624,99689,122935
2021,4,A,골목상권,2110911,4205,1880,2325
2021,4,A,골목상권,2110910,367106,169213,197894
2021,4,A,골목상권,2110909,54926,30252,24673
2021,4,A,골목상권,2110908,79386,36794,42591
2021,4,A,골목상권,2110907,842904,359521,483383
2021,4,A,골목상권,2110906,577655,253179,324477
2021,4,A,골목상권,2110905,414481,178727,235753
2021,4,A,골목상권,2110904,217720,96967,120752
2021,4,A,골목상권,2110903,723798,307463,416333
2021,4,A,골목상권,2110902,2895140,1338058,1557082
2021,4,A,골목상권,2110901,1194638,538110,656529
2021,4,A,골목상권,2110900,1778378,839455,938923
2021,4,A,골목상권,2110899,861165,414203,446962
2021,4,A,골목상권,2110898,652901,300628,352273
2021,4,A,골목상권,2110897,1359714,652701,707012
2021,4,A,골목상권,2110896,246324,114631,131692
2021,4,A,골목상권,2110895,3428705,1653633,1775071
2021,4,A,골목상권,2110894,310587,144171,166416
2021,4,A,골목상권,2110893,65900,29803,36097
2021,4,A,골목상권,2110892,4432515,2100786,2331729
2021,4,A,골목상권,2110891,186026,83468,102559
2021,4,A,골목상권,2110890,830087,393739,436347
2021,4,A,골목상권,2110889,647237,302301,344935
2021,4,A,골목상권,2110888,564605,270504,294100
2021,4,A,골목상권,2110887,481767,268085,213682
2021,4,A,골목상권,2110886,980037,589127,390911
2021,4,A,골목상권,2110885,1331513,665097,666417
2021,4,A,골목상권,2110884,639672,309424,330249
2021,4,A,골목상권,2110883,957218,473505,483713
2021,4,A,골목상권,2110882,1236583,703455,533128
2021,4,A,골목상권,2110881,4519152,2768310,1750843
2021,4,A,골목상권,2110880,511863,256922,254940
2021,4,A,골목상권,2110879,335529,168069,167459
2021,4,A,골목상권,2110878,638064,365330,272732
2021,4,A,골목상권,2110877,1262378,654977,607400
2021,4,A,골목상권,2110876,582384,293055,289329
2021,4,A,골목상권,2110875,366937,171241,195696
2021,4,A,골목상권,2110874,1020929,520685,500244
2021,4,A,골목상권,2110873,547460,265682,281777
2021,4,A,골목상권,2110872,822597,387812,434785
2021,4,A,골목상권,2110871,810221,390224,419997
2021,4,A,골목상권,2110870,390719,188444,202275
2021,4,A,골목상권,2110869,3597305,1867669,1729636
2021,4,A,골목상권,2110868,609513,309767,299745
2021,4,A,골목상권,2110867,1124803,556893,567910
2021,4,A,골목상권,2110866,1464234,693917,770317
2021,4,A,골목상권,2110865,2410711,1142546,1268165
2021,4,A,골목상권,2110864,1449493,694817,754675
2021,4,A,골목상권,2110863,879511,409437,470072
2021,4,A,골목상권,2110862,887227,418458,468769
2021,4,A,골목상권,2110861,1907515,927443,980071
2021,4,A,골목상권,2110860,449421,216181,233241
2021,4,A,골목상권,2110859,616684,296186,320498
2021,4,A,골목상권,2110858,474867,227928,246938
2021,4,A,골목상권,2110857,1050691,496128,554563
2021,4,A,골목상권,2110856,754431,356899,397531
2021,4,A,골목상권,2110855,935637,453648,481989
2021,4,A,골목상권,2110854,417832,203058,214773
2021,4,A,골목상권,2110853,1538396,820229,718168
2021,4,A,골목상권,2110852,620645,278920,341724
2021,4,A,골목상권,2110851,1133153,521574,611579
2021,4,A,골목상권,2110850,1953690,915567,1038122
2021,4,A,골목상권,2110849,980870,440225,540645
2021,4,A,골목상권,2110848,1121799,538569,583230
2021,4,A,골목상권,2110847,1169013,547078,621935
2021,4,A,골목상권,2110846,2708019,1254746,1453271
2021,4,A,골목상권,2110845,452202,195902,256299
2021,4,A,골목상권,2110844,361883,162061,199822
2021,4,A,골목상권,2110843,256164,120163,136000
2021,4,A,골목상권,2110842,143706,65935,77770
2021,4,A,골목상권,2110841,1345041,616820,728222
2021,4,A,골목상권,2110840,601872,278065,323807
2021,4,A,골목상권,2110839,605234,299618,305618
2021,4,A,골목상권,2110838,134665,62916,71750
2021,4,A,골목상권,2110837,1764093,828938,935157
2021,4,A,골목상권,2110836,1775302,819665,955638
2021,4,A,골목상권,2110835,190804,88614,102190
2021,4,A,골목상권,2110834,378594,202142,176453
2021,4,A,골목상권,2110833,510371,237815,272556
2021,4,A,골목상권,2110832,879686,485327,394360
2021,4,A,골목상권,2110831,445589,198882,246708
2021,4,A,골목상권,2110830,428264,202967,225297
2021,4,A,골목상권,2110829,724457,349645,374812
2021,4,A,골목상권,2110828,2509396,1261761,1247636
2021,4,A,골목상권,2110827,630502,287853,342648
2021,4,A,골목상권,2110826,875364,401515,473850
2021,4,A,골목상권,2110825,2349565,1067169,1282396
2021,4,A,골목상권,2110824,227816,102393,125423
2021,4,A,골목상권,2110823,563633,261342,302291
2021,4,A,골목상권,2110822,466831,218363,248467
2021,4,A,골목상권,2110821,980288,456267,524020
2021,4,A,골목상권,2110820,665563,323499,342064
2021,4,A,골목상권,2110819,800430,371831,428600
2021,4,A,골목상권,2110818,67921,33690,34231
2021,4,A,골목상권,2110817,327323,170315,157008
2021,4,A,골목상권,2110816,590204,297573,292629
2021,4,A,골목상권,2110815,1379669,651642,728027
2021,4,A,골목상권,2110814,1393814,652520,741293
2021,4,A,골목상권,2110813,1488325,699060,789265
2021,4,A,골목상권,2110812,601778,276713,325065
2021,4,A,골목상권,2110811,406218,191182,215036
2021,4,A,골목상권,2110810,1482618,702938,779679
2021,4,A,골목상권,2110809,474377,239217,235159
2021,4,A,골목상권,2110808,352316,183600,168716
2021,4,A,골목상권,2110807,359815,194521,165294
2021,4,A,골목상권,2110806,30765,16820,13945
2021,4,A,골목상권,2110805,317912,150765,167147
2021,4,A,골목상권,2110804,693511,315436,378076
2021,4,A,골목상권,2110803,1108611,563849,544761
2021,4,A,골목상권,2110802,583293,288150,295143
2021,4,A,골목상권,2110801,75831,32984,42847
2021,4,A,골목상권,2110800,87490,47432,40059
2021,4,A,골목상권,2110799,109384,54025,55359
2021,4,A,골목상권,2110798,145740,69838,75901
2021,4,A,골목상권,2110797,591431,270258,321172
2021,4,A,골목상권,2110796,90179,46676,43503
2021,4,A,골목상권,2110795,771734,360086,411649
2021,4,A,골목상권,2110794,671487,319675,351813
2021,4,A,골목상권,2110793,32034,14783,17252
2021,4,A,골목상권,2110792,2081236,1021325,1059910
2021,4,A,골목상권,2110791,28450,13371,15080
2021,4,A,골목상권,2110790,753333,353699,399635
2021,4,A,골목상권,2110789,588483,275638,312846
2021,4,A,골목상권,2110788,81071,41301,39770
2021,4,A,골목상권,2110787,770736,367301,403435
2021,4,A,골목상권,2110786,371404,181622,189783
2021,4,A,골목상권,2110785,827179,390270,436910
2021,4,A,골목상권,2110784,332745,160612,172134
2021,4,A,골목상권,2110783,229886,113640,116246
2021,4,A,골목상권,2110782,149322,72489,76834
2021,4,A,골목상권,2110781,1360948,639203,721745
2021,4,A,골목상권,2110780,336505,164345,172161
2021,4,A,골목상권,2110779,204721,99184,105538
2021,4,A,골목상권,2110778,1463702,743288,720413
2021,4,A,골목상권,2110777,226163,113063,113098
2021,4,A,골목상권,2110776,827334,413940,413394
2021,4,A,골목상권,2110775,367454,180498,186956
2021,4,A,골목상권,2110774,327912,154252,173660
2021,4,A,골목상권,2110773,50122,24886,25236
2021,4,A,골목상권,2110772,240809,117557,123252
2021,4,A,골목상권,2110771,346206,173888,172317
2021,4,A,골목상권,2110770,519039,247878,271161
2021,4,A,골목상권,2110769,434307,218725,215584
2021,4,A,골목상권,2110768,221121,109279,111842
2021,4,A,골목상권,2110767,410549,202312,208235
2021,4,A,골목상권,2110766,944283,474180,470103
2021,4,A,골목상권,2110765,277414,143752,133661
2021,4,A,골목상권,2110764,24768,12774,11995
2021,4,A,골목상권,2110763,534244,257322,276922
2021,4,A,골목상권,2110762,1570585,786084,784500
2021,4,A,골목상권,2110761,81935,42295,39640
2021,4,A,골목상권,2110760,609489,316069,293420
2021,4,A,골목상권,2110759,957424,482377,475048
2021,4,A,골목상권,2110758,391709,184340,207370
2021,4,A,골목상권,2110757,151170,76270,74900
2021,4,A,골목상권,2110756,193899,91710,102188
2021,4,A,골목상권,2110755,186488,84544,101944
2021,4,A,골목상권,2110754,1452034,654339,797695
2021,4,A,골목상권,2110753,872046,408052,463994
2021,4,A,골목상권,2110752,1026401,470372,556029
2021,4,A,골목상권,2110751,1017136,484424,532712
2021,4,A,골목상권,2110750,678072,307210,370862
2021,4,A,골목상권,2110749,764790,372610,392179
2021,4,A,골목상권,2110748,369392,174392,195000
2021,4,A,골목상권,2110747,294329,154147,140183
2021,4,A,골목상권,2110746,222422,108223,114198
2021,4,A,골목상권,2110745,485413,236168,249245
2021,4,A,골목상권,2110744,1824984,871657,953327
2021,4,A,골목상권,2110743,923285,429767,493518
2021,4,A,골목상권,2110742,69279,34553,34725
2021,4,A,골목상권,2110741,634216,303667,330550
2021,4,A,골목상권,2110740,1473312,674402,798910
2021,4,A,골목상권,2110739,68131,36602,31529
2021,4,A,골목상권,2110738,895515,436137,459377
2021,4,A,골목상권,2110737,1232307,621512,610795
2021,4,A,골목상권,2110736,778424,382478,395945
2021,4,A,골목상권,2110735,1033217,511263,521955
2021,4,A,골목상권,2110734,26837,13122,13716
2021,4,A,골목상권,2110733,133135,64701,68433
2021,4,A,골목상권,2110732,645087,344222,300867
2021,4,A,골목상권,2110731,282049,134054,147995
2021,4,A,골목상권,2110730,434651,223904,210747
2021,4,A,골목상권,2110729,775406,421799,353608
2021,4,A,골목상권,2110728,185334,96888,88447
2021,4,A,골목상권,2110727,265276,137657,127619
2021,4,A,골목상권,2110726,236027,117113,118914
2021,4,A,골목상권,2110725,127312,67980,59331
2021,4,A,골목상권,2110724,974825,550089,424735
2021,4,A,골목상권,2110723,358131,203072,155060
2021,4,A,골목상권,2110722,439697,258121,181576
2021,4,A,골목상권,2110721,887389,489768,397622
2021,4,A,골목상권,2110720,1275682,622930,652753
2021,4,A,골목상권,2110719,338149,170966,167183
2021,4,A,골목상권,2110718,1078161,516851,561310
2021,4,A,골목상권,2110717,2775450,1417979,1357470
2021,4,A,골목상권,2110716,408054,202870,205184
2021,4,A,골목상권,2110715,312264,155077,157186
2021,4,A,골목상권,2110714,1592988,774075,818913
2021,4,A,골목상권,2110713,2381566,1134797,1246769
2021,4,A,골목상권,2110712,1551702,761924,789778
2021,4,A,골목상권,2110711,1236312,586899,649413
2021,4,A,골목상권,2110710,1910962,1019191,891771
2021,4,A,골목상권,2110709,1245681,611639,634043
2021,4,A,골목상권,2110708,314675,151543,163131
2021,4,A,골목상권,2110707,799643,389738,409907
2021,4,A,골목상권,2110706,209077,105364,103711
2021,4,A,골목상권,2110705,23627,11650,11977
2021,4,A,골목상권,2110704,53592,25857,27735
2021,4,A,골목상권,2110703,747205,352369,394835
2021,4,A,골목상권,2110702,571537,268139,303398
2021,4,A,골목상권,2110701,605408,275092,330316
2021,4,A,골목상권,2110700,597606,279126,318482
2021,4,A,골목상권,2110699,482476,232173,250304
2021,4,A,골목상권,2110698,792538,375124,417412
2021,4,A,골목상권,2110697,541394,255099,286296
2021,4,A,골목상권,2110696,550323,263900,286425
2021,4,A,골목상권,2110695,1078441,517113,561327
2021,4,A,골목상권,2110694,1678313,805163,873149
2021,4,A,골목상권,2110693,85978,40245,45734
2021,4,A,골목상권,2110692,577010,272094,304916
2021,4,A,골목상권,2110691,662668,301741,360928
2021,4,A,골목상권,2110690,1737637,815150,922485
2021,4,A,골목상권,2110689,590801,277730,313071
2021,4,A,골목상권,2110688,948943,450210,498733
2021,4,A,골목상권,2110687,113464,51119,62343
2021,4,A,골목상권,2110686,849771,393155,456617
2021,4,A,골목상권,2110685,124012,57654,66357
2021,4,A,골목상권,2110684,47084,22173,24912
2021,4,A,골목상권,2110683,277430,123950,153481
2021,4,A,골목상권,2110682,101880,47761,54119
2021,4,A,골목상권,2110681,86612,41413,45198
2021,4,A,골목상권,2110680,287319,140267,147051
2021,4,A,골목상권,2110679,288811,142859,145951
2021,4,A,골목상권,2110678,205912,99429,106483
2021,4,A,골목상권,2110677,208668,94356,114313
2021,4,A,골목상권,2110676,541230,245944,295285
2021,4,A,골목상권,2110675,1533333,698258,835075
2021,4,A,골목상권,2110674,30648,14418,16229
2021,4,A,골목상권,2110673,688748,333340,355408
2021,4,A,골목상권,2110672,886832,402904,483927
2021,4,A,골목상권,2110671,1905696,901028,1004667
2021,4,A,골목상권,2110670,1590843,718528,872315
2021,4,A,골목상권,2110669,89453,42144,47308
2021,4,A,골목상권,2110668,1899734,877458,1022276
2021,4,A,골목상권,2110667,51385,22821,28564
2021,4,A,골목상권,2110666,258124,124633,133491
2021,4,A,골목상권,2110665,1434304,682444,751860
2021,4,A,골목상권,2110664,229631,110660,118970
2021,4,A,골목상권,2110663,349298,166188,183110
2021,4,A,골목상권,2110662,2786325,1270050,1516276
2021,4,A,골목상권,2110661,230333,109289,121044
2021,4,A,골목상권,2110660,650924,296860,354062
2021,4,A,골목상권,2110659,5198480,2343165,2855315
2021,4,A,골목상권,2110658,1092928,521805,571122
2021,4,A,골목상권,2110657,424635,203033,221601
2021,4,A,골목상권,2110656,5609435,2684956,2924479
2021,4,A,골목상권,2110655,556413,251024,305391
2021,4,A,골목상권,2110654,2468115,1122300,1345816
2021,4,A,골목상권,2110653,894311,403164,491146
2021,4,A,골목상권,2110652,271736,136421,135316
2021,4,A,골목상권,2110651,582618,259458,323160
2021,4,A,골목상권,2110650,131169,60582,70586
2021,4,A,골목상권,2110649,1209445,559048,650398
2021,4,A,골목상권,2110648,83542,45227,38316
2021,4,A,골목상권,2110647,2924045,1326332,1597713
2021,4,A,골목상권,2110646,1922707,879233,1043473
2021,4,A,골목상권,2110645,1676078,720278,955800
2021,4,A,골목상권,2110644,62070,33951,28119
2021,4,A,골목상권,2110643,720845,370688,350158
2021,4,A,골목상권,2110642,6480,3723,2757
2021,4,A,골목상권,2110641,213924,100339,113584
2021,4,A,골목상권,2110640,566330,279620,286710
2021,4,A,골목상권,2110639,340900,163829,177073
2021,4,A,골목상권,2110638,1978365,949466,1028899
2021,4,A,골목상권,2110637,202299,96622,105677
2021,4,A,골목상권,2110636,407847,199454,208393
2021,4,A,골목상권,2110635,373578,178448,195131
2021,4,A,골목상권,2110634,1955533,1008656,946878
2021,4,A,골목상권,2110633,47068,22952,24117
2021,4,A,골목상권,2110632,436153,211947,224206
2021,4,A,골목상권,2110631,458440,223772,234667
2021,4,A,골목상권,2110630,1251691,611403,640288
2021,4,A,골목상권,2110629,137481,71231,66250
2021,4,A,골목상권,2110628,240511,120103,120407
2021,4,A,골목상권,2110627,1060903,498100,562803
2021,4,A,골목상권,2110626,1444569,661603,782966
2021,4,A,골목상권,2110625,745152,336386,408765
2021,4,A,골목상권,2110624,438981,202033,236949
2021,4,A,골목상권,2110623,25963,13855,12111
2021,4,A,골목상권,2110622,534504,240048,294457
2021,4,A,골목상권,2110621,154420,68217,86203
2021,4,A,골목상권,2110620,2699429,1276688,1422742
2021,4,A,골목상권,2110619,336358,153436,182922
2021,4,A,골목상권,2110618,1690184,807331,882853
2021,4,A,골목상권,2110617,622422,280723,341699
2021,4,A,골목상권,2110616,242397,115528,126869
2021,4,A,골목상권,2110615,249411,114788,134623
2021,4,A,골목상권,2110614,458188,220586,237602
2021,4,A,골목상권,2110613,335931,157349,178581
2021,4,A,골목상권,2110612,1945725,933254,1012472
2021,4,A,골목상권,2110611,1410787,687035,723752
2021,4,A,골목상권,2110610,397019,193362,203657
2021,4,A,골목상권,2110609,956035,439641,516394
2021,4,A,골목상권,2110608,2512132,1185545,1326587
2021,4,A,골목상권,2110607,295780,135820,159958
2021,4,A,골목상권,2110606,1561122,699919,861205
2021,4,A,골목상권,2110605,89983,44167,45817
2021,4,A,골목상권,2110604,1588933,754804,834129
2021,4,A,골목상권,2110603,121345,56523,64822
2021,4,A,골목상권,2110602,205443,98062,107381
2021,4,A,골목상권,2110601,1247902,606649,641253
2021,4,A,골목상권,2110600,558300,272384,285916
2021,4,A,골목상권,2110599,1238639,601553,637085
2021,4,A,골목상권,2110598,655263,312732,342531
2021,4,A,골목상권,2110597,1530151,729361,800791
2021,4,A,골목상권,2110596,582300,270125,312175
2021,4,A,골목상권,2110595,512410,239351,273060
2021,4,A,골목상권,2110594,351516,178829,172687
2021,4,A,골목상권,2110593,1188932,583106,605825
2021,4,A,골목상권,2110592,296206,145979,150227
2021,4,A,골목상권,2110591,997893,498793,499100
2021,4,A,골목상권,2110590,1230153,571344,658809
2021,4,A,골목상권,2110589,71638,32608,39031
2021,4,A,골목상권,2110588,741507,337269,404238
2021,4,A,골목상권,2110587,1045952,476891,569061
2021,4,A,골목상권,2110586,2190629,990829,1199799
2021,4,A,골목상권,2110585,84960,38308,46652
2021,4,A,골목상권,2110584,105712,46697,59016
2021,4,A,골목상권,2110583,233697,109259,124437
2021,4,A,골목상권,2110582,456278,195043,261237
2021,4,A,골목상권,2110581,129551,61421,68129
2021,4,A,골목상권,2110580,565058,257830,307229
2021,4,A,골목상권,2110579,320510,155189,165321
2021,4,A,골목상권,2110578,1121177,510290,610887
2021,4,A,골목상권,2110577,475631,212141,263490
2021,4,A,골목상권,2110576,852546,403051,449496
2021,4,A,골목상권,2110575,734647,299212,435436
2021,4,A,골목상권,2110574,37882,19443,18438
2021,4,A,골목상권,2110573,118065,53761,64305
2021,4,A,골목상권,2110572,1294923,648190,646733
2021,4,A,골목상권,2110571,458056,214804,243252
2021,4,A,골목상권,2110570,118316,54767,63549
2021,4,A,골목상권,2110569,785153,364528,420625
2021,4,A,골목상권,2110568,204352,92366,111986
2021,4,A,골목상권,2110567,280722,126892,153830
2021,4,A,골목상권,2110566,1359207,610718,748488
2021,4,A,골목상권,2110565,375459,174119,201340
2021,4,A,골목상권,2110564,648427,285087,363339
2021,4,A,골목상권,2110563,146256,68286,77971
2021,4,A,골목상권,2110562,880740,396477,484264
2021,4,A,골목상권,2110561,453281,215776,237506
2021,4,A,골목상권,2110560,795294,367242,428053
2021,4,A,골목상권,2110559,880626,405525,475102
2021,4,A,골목상권,2110558,1748491,822628,925863
2021,4,A,골목상권,2110557,978201,450085,528115
2021,4,A,골목상권,2110556,215273,99761,115512
2021,4,A,골목상권,2110555,193612,86115,107497
2021,4,A,골목상권,2110554,998312,454329,543981
2021,4,A,골목상권,2110553,755739,335555,420185
2021,4,A,골목상권,2110552,538838,248754,290083
2021,4,A,골목상권,2110551,977303,434362,542941
2021,4,A,골목상권,2110550,1392982,601317,791666
2021,4,A,골목상권,2110549,995216,433637,561578
2021,4,A,골목상권,2110548,774799,360641,414158
2021,4,A,골목상권,2110547,776453,342892,433560
2021,4,A,골목상권,2110546,564531,248425,316106
2021,4,A,골목상권,2110545,606428,250329,356098
2021,4,A,골목상권,2110544,4159473,1809519,2349954
2021,4,A,골목상권,2110543,89406,42318,47087
2021,4,A,골목상권,2110542,2053355,929667,1123687
2021,4,A,골목상권,2110541,1323485,596496,726988
2021,4,A,골목상권,2110540,482058,240916,241142
2021,4,A,골목상권,2110539,206502,107983,98519
2021,4,A,골목상권,2110538,227217,111193,116025
2021,4,A,골목상권,2110537,478197,243011,235187
2021,4,A,골목상권,2110536,65467,33024,32444
2021,4,A,골목상권,2110535,876780,405343,471437
2021,4,A,골목상권,2110534,636996,305524,331472
2021,4,A,골목상권,2110533,3471538,1727819,1743719
2021,4,A,골목상권,2110532,968415,455038,513379
2021,4,A,골목상권,2110531,7981,3470,4512
2021,4,A,골목상권,2110530,204112,89840,114271
2021,4,A,골목상권,2110529,1111873,514227,597646
2021,4,A,골목상권,2110528,761197,361207,399990
2021,4,A,골목상권,2110527,648635,290293,358343
2021,4,A,골목상권,2110526,189696,73530,116166
2021,4,A,골목상권,2110525,235811,104974,130837
2021,4,A,골목상권,2110524,148850,66511,82339
2021,4,A,골목상권,2110523,163333,74965,88370
2021,4,A,골목상권,2110522,190465,86547,103918
2021,4,A,골목상권,2110521,684364,299601,384764
2021,4,A,골목상권,2110520,627448,258508,368940
2021,4,A,골목상권,2110519,1275313,553644,721670
2021,4,A,골목상권,2110518,106761,46772,59988
2021,4,A,골목상권,2110517,135484,59532,75951
2021,4,A,골목상권,2110516,405530,176785,228744
2021,4,A,골목상권,2110515,456424,203132,253291
2021,4,A,골목상권,2110514,519640,250479,269161
2021,4,A,골목상권,2110513,319053,144308,174746
2021,4,A,골목상권,2110512,397979,175323,222655
2021,4,A,골목상권,2110511,886169,444316,441855
2021,4,A,골목상권,2110510,794212,357041,437172
2021,4,A,골목상권,2110509,1177406,526344,651062
2021,4,A,골목상권,2110508,535218,238215,297004
2021,4,A,골목상권,2110507,1408638,635443,773194
2021,4,A,골목상권,2110506,287369,131663,155708
2021,4,A,골목상권,2110505,39662,18280,21382
2021,4,A,골목상권,2110504,124519,61488,63032
2021,4,A,골목상권,2110503,1710455,798385,912070
2021,4,A,골목상권,2110502,1324765,605574,719192
2021,4,A,골목상권,2110501,230265,106066,124200
2021,4,A,골목상권,2110500,153759,68125,85634
2021,4,A,골목상권,2110499,2258285,1020999,1237285
2021,4,A,골목상권,2110498,1596137,736878,859258
2021,4,A,골목상권,2110497,117637,54095,63542
2021,4,A,골목상권,2110496,1002136,444948,557189
2021,4,A,골목상권,2110495,1287032,584773,702258
2021,4,A,골목상권,2110494,144413,64079,80334
2021,4,A,골목상권,2110493,423100,197170,225930
2021,4,A,골목상권,2110492,4482,1962,2519
2021,4,A,골목상권,2110491,225755,101217,124538
2021,4,A,골목상권,2110490,724896,317265,407631
2021,4,A,골목상권,2110489,481873,219762,262113
2021,4,A,골목상권,2110488,611086,272286,338800
2021,4,A,골목상권,2110487,42469,18417,24051
2021,4,A,골목상권,2110486,963615,436710,526904
2021,4,A,골목상권,2110485,672059,299380,372678
2021,4,A,골목상권,2110484,1805840,774189,1031651
2021,4,A,골목상권,2110483,556328,257527,298802
2021,4,A,골목상권,2110482,375739,170504,205235
2021,4,A,골목상권,2110481,2569979,1152997,1416981
2021,4,A,골목상권,2110480,465218,209913,255305
2021,4,A,골목상권,2110479,1156943,524378,632565
2021,4,A,골목상권,2110478,617621,272990,344629
2021,4,A,골목상권,2110477,510453,221533,288919
2021,4,A,골목상권,2110476,175133,81379,93753
2021,4,A,골목상권,2110475,708747,320061,388687
2021,4,A,골목상권,2110474,1321885,627746,694138
2021,4,A,골목상권,2110473,2187695,942271,1245424
2021,4,A,골목상권,2110472,1265185,570330,694856
2021,4,A,골목상권,2110471,2055530,933880,1121649
2021,4,A,골목상권,2110470,901321,399393,501929
2021,4,A,골목상권,2110469,1646492,751798,894695
2021,4,A,골목상권,2110468,3734655,1609193,2125462
2021,4,A,골목상권,2110467,831668,375436,456232
2021,4,A,골목상권,2110466,1129054,504972,624083
2021,4,A,골목상권,2110465,1434677,658555,776121
2021,4,A,골목상권,2110464,493592,229238,264354
2021,4,A,골목상권,2110463,532864,244154,288711
2021,4,A,골목상권,2110462,1135754,517853,617901
2021,4,A,골목상권,2110461,261573,121825,139749
2021,4,A,골목상권,2110460,2027785,887532,1140253
2021,4,A,골목상권,2110459,907656,404123,503534
2021,4,A,골목상권,2110458,1464962,682228,782733
2021,4,A,골목상권,2110457,785966,335568,450398
2021,4,A,골목상권,2110456,1756593,722789,1033804
2021,4,A,골목상권,2110455,2328652,1045559,1283093
2021,4,A,골목상권,2110454,1244456,551902,692553
2021,4,A,골목상권,2110453,2081888,963428,1118460
2021,4,A,골목상권,2110452,1123610,518914,604697
2021,4,A,골목상권,2110451,1677077,749546,927531
2021,4,A,골목상권,2110450,2338533,1052559,1285973
2021,4,A,골목상권,2110449,1274569,558784,715786
2021,4,A,골목상권,2110448,764383,354837,409546
2021,4,A,골목상권,2110447,518093,219902,298191
2021,4,A,골목상권,2110446,341979,171173,170807
2021,4,A,골목상권,2110445,626567,285003,341564
2021,4,A,골목상권,2110444,106364,51137,55228
2021,4,A,골목상권,2110443,124680,64952,59728
2021,4,A,골목상권,2110442,60736,25368,35369
2021,4,A,골목상권,2110441,553095,237785,315311
2021,4,A,골목상권,2110440,210621,97294,113327
2021,4,A,골목상권,2110439,804085,370598,433489
2021,4,A,골목상권,2110438,1372149,696640,675508
2021,4,A,골목상권,2110437,754551,349238,405313
2021,4,A,골목상권,2110436,349078,158722,190356
2021,4,A,골목상권,2110435,70980,36011,34967
2021,4,A,골목상권,2110434,550261,259743,290518
2021,4,A,골목상권,2110433,1608902,799696,809206
2021,4,A,골목상권,2110432,264255,121931,142326
2021,4,A,골목상권,2110431,572228,263379,308848
2021,4,A,골목상권,2110430,116698,52497,64202
2021,4,A,골목상권,2110429,2291091,1092226,1198867
2021,4,A,골목상권,2110428,3325980,1528794,1797186
2021,4,A,골목상권,2110427,106901,49514,57387
2021,4,A,골목상권,2110426,1813888,804493,1009394
2021,4,A,골목상권,2110425,599561,266942,332619
2021,4,A,골목상권,2110424,2390735,1094789,1295947
2021,4,A,골목상권,2110423,252986,121987,130999
2021,4,A,골목상권,2110422,646795,298669,348127
2021,4,A,골목상권,2110421,334123,164811,169311
2021,4,A,골목상권,2110420,715071,385373,329698
2021,4,A,골목상권,2110419,699932,326232,373699
2021,4,A,골목상권,2110418,569497,307800,261695
2021,4,A,골목상권,2110417,433241,205008,228232
2021,4,A,골목상권,2110416,712179,331013,381166
2021,4,A,골목상권,2110415,1905546,909326,996219
2021,4,A,골목상권,2110414,359932,164079,195853
2021,4,A,골목상권,2110413,122700,55732,66967
2021,4,A,골목상권,2110412,151773,72039,79733
2021,4,A,골목상권,2110411,382115,186875,195240
2021,4,A,골목상권,2110410,437194,218559,218634
2021,4,A,골목상권,2110409,780875,348161,432713
2021,4,A,골목상권,2110408,335583,153541,182042
2021,4,A,골목상권,2110407,892019,443390,448628
2021,4,A,골목상권,2110406,202860,96739,106121
2021,4,A,골목상권,2110405,1409727,667321,742406
2021,4,A,골목상권,2110404,2793426,1288013,1505413
2021,4,A,골목상권,2110403,1697133,790050,907083
2021,4,A,골목상권,2110402,603938,289132,314808
2021,4,A,골목상권,2110401,213450,99569,113881
2021,4,A,골목상권,2110400,1558871,725510,833361
2021,4,A,골목상권,2110399,1806761,822237,984523
2021,4,A,골목상권,2110398,916991,415741,501250
2021,4,A,골목상권,2110397,1448096,699139,748957
2021,4,A,골목상권,2110396,874115,402135,471981
2021,4,A,골목상권,2110395,304656,142729,161927
2021,4,A,골목상권,2110394,1108756,526142,582614
2021,4,A,골목상권,2110393,92846,41370,51476
2021,4,A,골목상권,2110392,146229,61302,84927
2021,4,A,골목상권,2110391,527695,244776,282920
2021,4,A,골목상권,2110390,391933,177790,214143
2021,4,A,골목상권,2110389,177772,82124,95647
2021,4,A,골목상권,2110388,721216,319112,402103
2021,4,A,골목상권,2110387,1339554,602721,736832
2021,4,A,골목상권,2110386,13584,6135,7451
2021,4,A,골목상권,2110385,180217,76742,103475
2021,4,A,골목상권,2110384,136763,59925,76840
2021,4,A,골목상권,2110383,77474,31310,46163
2021,4,A,골목상권,2110382,269519,120312,149207
2021,4,A,골목상권,2110381,172020,76849,95171
2021,4,A,골목상권,2110380,720269,330728,389541
2021,4,A,골목상권,2110379,155071,74797,80275
2021,4,A,골목상권,2110378,616218,272680,343537
2021,4,A,골목상권,2110377,464869,211424,253446
2021,4,A,골목상권,2110376,2898104,1363287,1534817
2021,4,A,골목상권,2110375,724007,335455,388551
2021,4,A,골목상권,2110374,2213772,1002218,1211554
2021,4,A,골목상권,2110373,1167807,544507,623300
2021,4,A,골목상권,2110372,1498832,688343,810489
2021,4,A,골목상권,2110371,579194,254591,324603
2021,4,A,골목상권,2110370,866203,405350,460852
2021,4,A,골목상권,2110369,1041928,483313,558614
2021,4,A,골목상권,2110368,2262089,1007274,1254815
2021,4,A,골목상권,2110367,1273596,617511,656084
2021,4,A,골목상권,2110366,643380,303495,339885
2021,4,A,골목상권,2110365,784232,361096,423136
2021,4,A,골목상권,2110364,747670,341080,406591
2021,4,A,골목상권,2110363,291946,135179,156766
2021,4,A,골목상권,2110362,788321,351001,437320
2021,4,A,골목상권,2110361,796032,360827,435205
2021,4,A,골목상권,2110360,1223477,566644,656833
2021,4,A,골목상권,2110359,920603,435998,484605
2021,4,A,골목상권,2110358,1071992,506973,565019
2021,4,A,골목상권,2110357,967814,453167,514646
2021,4,A,골목상권,2110356,966512,424492,542020
2021,4,A,골목상권,2110355,1132633,519908,612724
2021,4,A,골목상권,2110354,135893,60608,75285
2021,4,A,골목상권,2110353,690066,307990,382076
2021,4,A,골목상권,2110352,1433393,652951,780440
2021,4,A,골목상권,2110351,618231,287142,331089
2021,4,A,골목상권,2110350,510854,226630,284223
2021,4,A,골목상권,2110349,443696,203150,240547
2021,4,A,골목상권,2110348,1413957,622807,791150
2021,4,A,골목상권,2110347,156980,75639,81342
2021,4,A,골목상권,2110346,356723,151135,205588
2021,4,A,골목상권,2110345,592653,271470,321183
2021,4,A,골목상권,2110344,267137,124185,142953
2021,4,A,골목상권,2110343,727523,336842,390680
2021,4,A,골목상권,2110342,813621,375698,437922
2021,4,A,골목상권,2110341,202299,90518,111780
2021,4,A,골목상권,2110340,305950,144261,161690
2021,4,A,골목상권,2110339,50097,22363,27733
2021,4,A,골목상권,2110338,298868,137471,161397
2021,4,A,골목상권,2110337,335204,154782,180422
2021,4,A,골목상권,2110336,288604,135309,153297
2021,4,A,골목상권,2110335,1048028,506814,541213
2021,4,A,골목상권,2110334,930272,421330,508944
2021,4,A,골목상권,2110333,398407,183951,214457
2021,4,A,골목상권,2110332,122131,60267,61865
2021,4,A,골목상권,2110331,1006177,471320,534857
2021,4,A,골목상권,2110330,710945,328311,382634
2021,4,A,골목상권,2110329,311833,150824,161011
2021,4,A,골목상권,2110328,894429,412842,481587
2021,4,A,골목상권,2110327,732553,336576,395976
2021,4,A,골목상권,2110326,523504,243752,279751
2021,4,A,골목상권,2110325,941334,433974,507361
2021,4,A,골목상권,2110324,140143,63906,76237
2021,4,A,골목상권,2110323,1332307,581494,750814
2021,4,A,골목상권,2110322,872564,397366,475198
2021,4,A,골목상권,2110321,91477,40909,50569
2021,4,A,골목상권,2110320,287293,137239,150053
2021,4,A,골목상권,2110319,959746,449206,510539
2021,4,A,골목상권,2110318,804446,367263,437184
2021,4,A,골목상권,2110317,787266,369567,417700
2021,4,A,골목상권,2110316,2070629,933876,1136753
2021,4,A,골목상권,2110315,1447877,645835,802041
2021,4,A,골목상권,2110314,851736,401769,449967
2021,4,A,골목상권,2110313,1065449,595032,470418
2021,4,A,골목상권,2110312,556694,266027,290667
2021,4,A,골목상권,2110311,103848,47301,56547
2021,4,A,골목상권,2110310,29726,13145,16581
2021,4,A,골목상권,2110309,325339,162943,162396
2021,4,A,골목상권,2110308,520573,235448,285125
2021,4,A,골목상권,2110307,553945,251194,302750
2021,4,A,골목상권,2110306,112232,49306,62927
2021,4,A,골목상권,2110305,1272231,608759,663472
2021,4,A,골목상권,2110304,651643,307906,343737
2021,4,A,골목상권,2110303,1266349,499512,766837
2021,4,A,골목상권,2110302,250767,112758,138008
2021,4,A,골목상권,2110301,1115637,482817,632821
2021,4,A,골목상권,2110300,2271554,991112,1280442
2021,4,A,골목상권,2110299,1440274,654137,786136
2021,4,A,골목상권,2110298,248649,111074,137574
2021,4,A,골목상권,2110297,1584506,725256,859249
2021,4,A,골목상권,2110296,948703,418004,530698
2021,4,A,골목상권,2110295,522624,238161,284465
2021,4,A,골목상권,2110294,1407423,636031,771393
2021,4,A,골목상권,2110293,1281679,579049,702629
2021,4,A,골목상권,2110292,230890,105791,125100
2021,4,A,골목상권,2110291,1670992,749141,921851
2021,4,A,골목상권,2110290,251703,119373,132330
2021,4,A,골목상권,2110289,974857,479682,495176
2021,4,A,골목상권,2110288,380780,170747,210033
2021,4,A,골목상권,2110287,245565,124198,121367
2021,4,A,골목상권,2110286,616605,272004,344602
2021,4,A,골목상권,2110285,102157,44586,57571
2021,4,A,골목상권,2110284,133469,60101,73368
2021,4,A,골목상권,2110283,170619,80055,90564
2021,4,A,골목상권,2110282,91494,48010,43485
2021,4,A,골목상권,2110281,71857,32713,39144
2021,4,A,골목상권,2110280,86431,39580,46851
2021,4,A,골목상권,2110279,718,364,356
2021,4,A,골목상권,2110278,766778,343870,422907
2021,4,A,골목상권,2110277,1260711,596116,664595
2021,4,A,골목상권,2110276,60332,31100,29232
2021,4,A,골목상권,2110275,301769,144540,157228
2021,4,A,골목상권,2110274,1144355,542956,601399
2021,4,A,골목상권,2110273,719675,332919,386755
2021,4,A,골목상권,2110272,969592,432118,537474
2021,4,A,골목상권,2110271,64298,33008,31290
2021,4,A,골목상권,2110270,378045,178702,199342
2021,4,A,골목상권,2110269,378794,182683,196110
2021,4,A,골목상권,2110268,446938,196149,250789
2021,4,A,골목상권,2110267,1409003,648951,760053
2021,4,A,골목상권,2110266,1285970,575227,710743
2021,4,A,골목상권,2110265,734292,336316,397975
2021,4,A,골목상권,2110264,3010107,1418053,1592054
2021,4,A,골목상권,2110263,1531821,702428,829391
2021,4,A,골목상권,2110262,1530567,703762,826805
2021,4,A,골목상권,2110261,1480504,692735,787769
2021,4,A,골목상권,2110260,1199306,572561,626745
2021,4,A,골목상권,2110259,1426832,668428,758403
2021,4,A,골목상권,2110258,585991,280003,305988
2021,4,A,골목상권,2110257,1467952,665270,802682
2021,4,A,골목상권,2110256,1681687,804088,877598
2021,4,A,골목상권,2110255,1525919,706922,818996
2021,4,A,골목상권,2110254,2969060,1400759,1568301
2021,4,A,골목상권,2110253,842310,402102,440208
2021,4,A,골목상권,2110252,758617,363772,394845
2021,4,A,골목상권,2110251,658767,308131,350636
2021,4,A,골목상권,2110250,268852,127174,141679
2021,4,A,골목상권,2110249,2250145,1044696,1205449
2021,4,A,골목상권,2110248,392660,186412,206249
2021,4,A,골목상권,2110247,1965115,881729,1083387
2021,4,A,골목상권,2110246,1050714,513205,537510
2021,4,A,골목상권,2110245,424397,200701,223698
2021,4,A,골목상권,2110244,732513,349532,382981
2021,4,A,골목상권,2110243,1038331,494553,543779
2021,4,A,골목상권,2110242,641623,304093,337531
2021,4,A,골목상권,2110241,1162368,543335,619031
2021,4,A,골목상권,2110240,638277,308235,330042
2021,4,A,골목상권,2110239,188160,91158,97002
2021,4,A,골목상권,2110238,79580,37968,41612
2021,4,A,골목상권,2110237,1262289,610981,651308
2021,4,A,골목상권,2110236,1889989,890039,999949
2021,4,A,골목상권,2110235,270043,132221,137822
2021,4,A,골목상권,2110234,261073,127512,133561
2021,4,A,골목상권,2110233,1090692,527806,562887
2021,4,A,골목상권,2110232,1023829,515708,508122
2021,4,A,골목상권,2110231,66692,31538,35155
2021,4,A,골목상권,2110230,1033120,495051,538069
2021,4,A,골목상권,2110229,2185609,1077230,1108379
2021,4,A,골목상권,2110228,1484843,706267,778576
2021,4,A,골목상권,2110227,579100,269142,309957
2021,4,A,골목상권,2110226,1967459,976155,991305
2021,4,A,골목상권,2110225,90481,43673,46809
2021,4,A,골목상권,2110224,510058,232963,277093
2021,4,A,골목상권,2110223,324973,160295,164678
2021,4,A,골목상권,2110222,117066,54988,62078
2021,4,A,골목상권,2110221,238643,109985,128658
2021,4,A,골목상권,2110220,884537,419828,464709
2021,4,A,골목상권,2110219,1709019,844542,864478
2021,4,A,골목상권,2110218,1405624,656295,749329
2021,4,A,골목상권,2110217,448684,226807,221877
2021,4,A,골목상권,2110216,270812,128121,142691
2021,4,A,골목상권,2110215,666036,277090,388947
2021,4,A,골목상권,2110214,1110666,519407,591260
2021,4,A,골목상권,2110213,294187,136812,157375
2021,4,A,골목상권,2110212,832612,388995,443617
2021,4,A,골목상권,2110211,1884269,886457,997813
2021,4,A,골목상권,2110210,2546300,1274437,1271864
2021,4,A,골목상권,2110209,252951,120871,132081
2021,4,A,골목상권,2110208,295361,129484,165879
2021,4,A,골목상권,2110207,635525,318283,317242
2021,4,A,골목상권,2110206,1621560,800781,820778
2021,4,A,골목상권,2110205,1733348,785577,947771
2021,4,A,골목상권,2110204,1466269,692003,774266
2021,4,A,골목상권,2110203,552100,260657,291443
2021,4,A,골목상권,2110202,489726,243762,245963
2021,4,A,골목상권,2110201,196450,95542,100907
2021,4,A,골목상권,2110200,350148,171787,178362
2021,4,A,골목상권,2110199,569281,283204,286076
2021,4,A,골목상권,2110198,161170,84559,76610
2021,4,A,골목상권,2110197,360333,178966,181367
2021,4,A,골목상권,2110196,268580,125232,143348
2021,4,A,골목상권,2110195,1437075,714702,722371
2021,4,A,골목상권,2110194,461903,227735,234169
2021,4,A,골목상권,2110193,404528,191986,212542
2021,4,A,골목상권,2110192,277996,132834,145164
2021,4,A,골목상권,2110191,565126,270428,294698
2021,4,A,골목상권,2110190,1082758,524697,558061
2021,4,A,골목상권,2110189,969566,452561,517004
2021,4,A,골목상권,2110188,494162,246019,248143
2021,4,A,골목상권,2110187,2379737,1133124,1246612
2021,4,A,골목상권,2110186,147773,76721,71050
2021,4,A,골목상권,2110185,346051,173579,172472
2021,4,A,골목상권,2110184,206911,103690,103221
2021,4,A,골목상권,2110183,367937,182618,185320
2021,4,A,골목상권,2110182,784836,421463,363374
2021,4,A,골목상권,2110181,622341,325480,296861
2021,4,A,골목상권,2110180,300183,145779,154404
2021,4,A,골목상권,2110179,399073,186283,212790
2021,4,A,골목상권,2110178,211476,97449,114027
2021,4,A,골목상권,2110177,87843,40383,47460
2021,4,A,골목상권,2110176,1326760,613366,713393
2021,4,A,골목상권,2110175,918192,410576,507615
2021,4,A,골목상권,2110174,1460761,645950,814812
2021,4,A,골목상권,2110173,424503,204203,220300
2021,4,A,골목상권,2110172,711792,321650,390143
2021,4,A,골목상권,2110171,297322,139156,158166
2021,4,A,골목상권,2110170,3115414,1394213,1721202
2021,4,A,골목상권,2110169,628276,306806,321470
2021,4,A,골목상권,2110168,475043,219792,255250
2021,4,A,골목상권,2110167,1641375,749104,892271
2021,4,A,골목상권,2110166,1984477,913635,1070841
2021,4,A,골목상권,2110165,819190,372076,447114
2021,4,A,골목상권,2110164,361486,160088,201396
2021,4,A,골목상권,2110163,618712,287075,331637
2021,4,A,골목상권,2110162,533510,246034,287476
2021,4,A,골목상권,2110161,950930,448833,502097
2021,4,A,골목상권,2110160,750904,360789,390115
2021,4,A,골목상권,2110159,3686727,1720948,1965779
2021,4,A,골목상권,2110158,2132361,1026427,1105933
2021,4,A,골목상권,2110157,1107684,500213,607471
2021,4,A,골목상권,2110156,938533,429626,508908
2021,4,A,골목상권,2110155,847463,397113,450350
2021,4,A,골목상권,2110154,1781226,819003,962223
2021,4,A,골목상권,2110153,272712,129100,143612
2021,4,A,골목상권,2110152,266083,130442,135642
2021,4,A,골목상권,2110151,1178680,549259,629420
2021,4,A,골목상권,2110150,1887516,918994,968522
2021,4,A,골목상권,2110149,237508,113064,124445
2021,4,A,골목상권,2110148,705896,352672,353224
2021,4,A,골목상권,2110147,830271,412021,418251
2021,4,A,골목상권,2110146,1562546,731640,830906
2021,4,A,골목상권,2110145,252619,126538,126081
2021,4,A,골목상권,2110144,346795,161352,185444
2021,4,A,골목상권,2110143,249198,117014,132184
2021,4,A,골목상권,2110142,1871595,905709,965885
2021,4,A,골목상권,2110141,1668500,790804,877697
2021,4,A,골목상권,2110140,1876367,879109,997258
2021,4,A,골목상권,2110139,1926164,913817,1012347
2021,4,A,골목상권,2110138,1227222,622520,604702
2021,4,A,골목상권,2110137,1262545,667806,594739
2021,4,A,골목상권,2110136,1207817,643241,564575
2021,4,A,골목상권,2110135,91357,49128,42229
2021,4,A,골목상권,2110134,1113869,580711,533158
2021,4,A,골목상권,2110133,420911,205991,214920
2021,4,A,골목상권,2110132,545195,287236,257959
2021,4,A,골목상권,2110131,819138,431770,387368
2021,4,A,골목상권,2110130,412928,197250,215679
2021,4,A,골목상권,2110129,311869,154859,157010
2021,4,A,골목상권,2110128,1077860,536028,541833
2021,4,A,골목상권,2110127,196957,96212,100744
2021,4,A,골목상권,2110126,570813,274095,296718
2021,4,A,골목상권,2110125,708574,345322,363250
2021,4,A,골목상권,2110124,532290,265180,267111
2021,4,A,골목상권,2110123,743335,363614,379721
2021,4,A,골목상권,2110122,260158,127658,132501
2021,4,A,골목상권,2110121,116374,60971,55403
2021,4,A,골목상권,2110120,286801,136837,149963
2021,4,A,골목상권,2110119,108708,51659,57049
2021,4,A,골목상권,2110118,555276,265131,290146
2021,4,A,골목상권,2110117,220918,107129,113788
2021,4,A,골목상권,2110116,307537,152942,154595
2021,4,A,골목상권,2110115,955574,433520,522054
2021,4,A,골목상권,2110114,324185,150035,174149
2021,4,A,골목상권,2110113,199576,95366,104209
2021,4,A,골목상권,2110112,634246,289452,344795
2021,4,A,골목상권,2110111,313180,142290,170889
2021,4,A,골목상권,2110110,602972,264853,338120
2021,4,A,골목상권,2110109,293760,135479,158281
2021,4,A,골목상권,2110108,106956,46950,60006
2021,4,A,골목상권,2110107,100289,45827,54463
2021,4,A,골목상권,2110106,102450,44751,57699
2021,4,A,골목상권,2110105,766489,353004,413485
2021,4,A,골목상권,2110104,1148667,522434,626234
2021,4,A,골목상권,2110103,148068,64062,84007
2021,4,A,골목상권,2110102,649681,289196,360487
2021,4,A,골목상권,2110101,155572,69187,86386
2021,4,A,골목상권,2110100,98216,44968,53247
2021,4,A,골목상권,2110099,276195,130612,145585
2021,4,A,골목상권,2110098,77322,35513,41810
2021,4,A,골목상권,2110097,56056,26043,30012
2021,4,A,골목상권,2110096,211502,95654,115849
2021,4,A,골목상권,2110095,543077,249783,293294
2021,4,A,골목상권,2110094,72673,38118,34556
2021,4,A,골목상권,2110093,1622027,821801,800227
2021,4,A,골목상권,2110092,532613,265658,266955
2021,4,A,골목상권,2110091,84378,38745,45633
2021,4,A,골목상권,2110090,561385,277567,283818
2021,4,A,골목상권,2110089,269776,131365,138410
2021,4,A,골목상권,2110088,325502,152330,173171
2021,4,A,골목상권,2110087,307527,157421,150106
2021,4,A,골목상권,2110086,627715,306401,321314
2021,4,A,골목상권,2110085,1347245,640845,706401
2021,4,A,골목상권,2110084,841276,401312,439964
2021,4,A,골목상권,2110083,67910,32568,35342
2021,4,A,골목상권,2110082,401892,199861,202031
2021,4,A,골목상권,2110081,1690708,780039,910668
2021,4,A,골목상권,2110080,755661,352235,403425
2021,4,A,골목상권,2110079,2131879,995994,1135884
2021,4,A,골목상권,2110078,216863,97322,119542
2021,4,A,골목상권,2110077,295168,142438,152730
2021,4,A,골목상권,2110076,28657,15222,13435
2021,4,A,골목상권,2110075,618286,313246,305039
2021,4,A,골목상권,2110074,676376,355884,320493
2021,4,A,골목상권,2110073,148402,80753,67650
2021,4,A,골목상권,2110072,225427,100069,125358
2021,4,A,골목상권,2110071,101579,47700,53878
2021,4,A,골목상권,2110070,55170,26075,29097
2021,4,A,골목상권,2110069,1984307,776434,1207872
2021,4,A,골목상권,2110068,1348563,646482,702081
2021,4,A,골목상권,2110067,2201908,1030059,1171848
2021,4,A,골목상권,2110066,1046955,539710,507243
2021,4,A,골목상권,2110065,56199,32530,23669
2021,4,A,골목상권,2110064,1326144,564944,761202
2021,4,A,골목상권,2110063,764082,368329,395753
2021,4,A,골목상권,2110062,938994,468472,470521
2021,4,A,골목상권,2110061,994674,448485,546190
2021,4,A,골목상권,2110060,405061,181234,223827
2021,4,A,골목상권,2110059,493217,224857,268361
2021,4,A,골목상권,2110058,1083001,531571,551431
2021,4,A,골목상권,2110057,662654,288891,373763
2021,4,A,골목상권,2110056,1618422,759536,858885
2021,4,A,골목상권,2110055,427366,213218,214146
2021,4,A,골목상권,2110054,1036499,491718,544781
2021,4,A,골목상권,2110053,960019,464952,495067
2021,4,A,골목상권,2110052,374358,175159,199197
2021,4,A,골목상권,2110051,712450,351728,360722
2021,4,A,골목상권,2110050,383702,183377,200325
2021,4,A,골목상권,2110049,773873,371872,402001
2021,4,A,골목상권,2110048,773479,376437,397043
2021,4,A,골목상권,2110047,507008,245030,261979
2021,4,A,골목상권,2110046,750464,347849,402615
2021,4,A,골목상권,2110045,381426,188767,192659
2021,4,A,골목상권,2110044,104234,55882,48353
2021,4,A,골목상권,2110043,562289,306351,255938
2021,4,A,골목상권,2110042,248084,132095,115990
2021,4,A,골목상권,2110041,144306,70830,73477
2021,4,A,골목상권,2110040,115031,57214,57817
2021,4,A,골목상권,2110039,115561,55979,59582
2021,4,A,골목상권,2110038,108469,54216,54254
2021,4,A,골목상권,2110037,865608,404352,461257
2021,4,A,골목상권,2110036,333263,174311,158952
2021,4,A,골목상권,2110035,826324,429743,396580
2021,4,A,골목상권,2110034,309757,159614,150142
2021,4,A,골목상권,2110033,689064,329802,359260
2021,4,A,골목상권,2110032,102937,52932,50004
2021,4,A,골목상권,2110031,87531,40047,47484
2021,4,A,골목상권,2110030,216677,100599,116078
2021,4,A,골목상권,2110029,2918985,1346467,1572518
2021,4,A,골목상권,2110028,1902014,971670,930342
2021,4,A,골목상권,2110027,318810,137244,181566
2021,4,A,골목상권,2110026,134225,72572,61654
2021,4,A,골목상권,2110025,135074,72399,62676
2021,4,A,골목상권,2110024,296274,131353,164922
2021,4,A,골목상권,2110023,347039,157533,189506
2021,4,A,골목상권,2110022,666441,299777,366665
2021,4,A,골목상권,2110021,879359,401952,477407
2021,4,A,골목상권,2110020,1508247,675872,832375
2021,4,A,골목상권,2110019,218821,123164,95655
2021,4,A,골목상권,2110018,325629,165069,160559
2021,4,A,골목상권,2110017,358036,172528,185509
2021,4,A,골목상권,2110016,40947,18126,22821
2021,4,A,골목상권,2110015,46156,23412,22743
2021,4,A,골목상권,2110014,56508,30449,26059
2021,4,A,골목상권,2110013,187453,79156,108299
2021,4,A,골목상권,2110012,571026,252842,318184
2021,4,A,골목상권,2110011,34281,17766,16515
2021,4,A,골목상권,2110010,200729,87833,112896
2021,4,A,골목상권,2110009,138187,64446,73740
2021,4,A,골목상권,2110008,1126654,468286,658369
2021,4,A,골목상권,2110007,486663,227771,258893
2021,4,A,골목상권,2110006,6406,3008,3398
2021,4,A,골목상권,2110005,168798,71490,97307
2021,4,A,골목상권,2110004,450799,215632,235167
2021,4,A,골목상권,2110003,399155,179241,219915
2021,4,A,골목상권,2110002,320156,147007,173151
2021,4,A,골목상권,2110001,144948,64965,79982
